asset_id,asset_class,volatility,adv,corr_mkt,rating,price,historical_haircut
AST0000,Equity,0.056352218177088666,1231236.6958112312,0.48440997336900227,2,107.75518305873831,0.03281782997823835
AST0001,Equity,0.0786784297986014,475310.3526336018,0.5609181530310188,1,342.53384320317576,0.05318718892266152
AST0002,Corp_Bond,0.07839537605952407,1242643.9684843791,0.7223887635142192,1,373.64887733316266,0.04814127626680261
AST0003,Corp_Bond,0.052162389530071754,21325647.099513352,0.5267181913464434,2,477.97517806009296,0.01990348549882665
AST0004,Equity,0.2509797231611215,1151873.7150138656,0.73197366011949,2,396.3267013380857,0.18463133428082001
AST0005,Equity,0.1263365087575038,2679719.489435444,0.4096204671305024,2,463.15670493775644,0.06940378139001063
AST0006,Equity,0.060602735159979215,560435.0097672984,0.4935992759095009,3,306.7009776814885,0.04217291479997343
AST0007,Govt_Bond,0.06989687139572183,16182055.40312056,0.17417661294397146,2,194.01090661104755,0.025750617223185075
AST0008,Equity,0.1251158508825867,5201088.210335473,0.7228852763836111,4,202.26792841939124,0.07547244348899716
AST0009,Equity,0.04077776350417641,3546174.8373244465,0.5084573310853929,3,473.20666715970816,0.02077344440423962
AST0010,Equity,0.14221737490163594,3605128.380663407,0.5900025250505474,3,380.80893724354894,0.08391526926359236
AST0011,Corp_Bond,0.10526988819410903,854120.6615477651,0.16532567174995366,1,35.329785601214326,0.05959063045066544
AST0012,Govt_Bond,0.17158598954892007,2772819.6311849863,0.49625840197052856,1,490.8426431462634,0.09440168084128915
AST0013,Equity,0.05891659826757211,1148124.8148333,0.39825141348039583,3,362.76468719619476,0.0356788878377907
AST0014,Equity,0.18171415746101371,3182934.9717224827,0.7266298969831801,2,146.14349739153297,0.11094835954220503
AST0015,Equity,0.0735828052274375,22081994.177457955,0.6119335607352571,5,354.8165505888158,0.03445610771161074
AST0016,Corp_Bond,0.05325009579617654,569167.3967078635,0.1852221042583595,4,397.49534720835646,0.03497632393686592
AST0017,Corp_Bond,0.06392294802359234,7808949.5050648125,0.23490880058015545,5,241.3976702913724,0.030805597494838185
AST0018,Govt_Bond,0.039179501107750814,3301445.596062136,0.8241372221170861,1,151.5070302588174,0.019987842690238313
AST0019,Equity,0.10510584908691113,660984.3580753106,0.5872624884339034,1,294.6044505646411,0.07016259317495172
AST0020,Future,0.08606500343261538,719863.0586691814,0.4435966475807715,5,231.30714476754474,0.06504402588604459
AST0021,FX_Fwd,0.06387654845013709,11088280.533242457,0.7158707019738746,2,102.97464852608039,0.029037656646152595
AST0022,Corp_Bond,0.10806260215006867,3970753.553882751,0.25474313867406273,2,197.01761231454685,0.052595439385565754
AST0023,Equity,0.10754726110285744,1931083.776988586,0.3629978852070502,2,190.5450205918419,0.0602184425363331
AST0024,Equity,0.07629953964544278,2934997.1237037447,0.8585078629525554,4,74.43350711031663,0.04971208475451517
AST0025,Corp_Bond,0.05115318614932079,2302989.553527108,0.13062219220793914,2,469.8310898522836,0.024153535772506007
AST0026,Corp_Bond,0.09459562116581999,456896.9604244604,0.33477141502685764,3,356.3267783215755,0.06766482086659492
AST0027,Corp_Bond,0.08073039098169504,28317529.224816117,0.7347592209415132,1,474.2149749051153,0.03122441415476177
AST0028,Equity,0.13571873658531589,5607924.129071787,0.9171209981291812,4,398.32747906605897,0.0865065708579472
AST0029,Corp_Bond,0.1136875912299787,847697.4768922069,0.3238345471247902,4,17.152659687862343,0.0791071166894267
AST0030,FX_Fwd,0.11103884579536921,17454112.57666717,0.4014722664467696,5,314.1459063988671,0.05269083713195559
AST0031,Corp_Bond,0.08364028927864472,1310422.53313237,0.5410815765353271,2,269.3997041256083,0.05106084543767876
AST0032,Equity,0.1084605366601868,2120607.8787764004,0.4456705997586963,3,136.87341778111966,0.06458866075263726
AST0033,Equity,0.12800973776041466,454156.62011402857,0.45407769132183284,2,237.70807377157118,0.09313083450408624
AST0034,Equity,0.03523373112497651,2091074.4939663156,0.36354159727274415,3,470.0207622564466,0.01833264096841867
AST0035,Corp_Bond,0.08513516067024554,1091948.047484278,0.4156270949129925,1,168.39822122437204,0.04901987552356861
AST0036,FX_Fwd,0.045614588147723685,365872.7531847115,0.26267596997082676,3,399.3946383140269,0.030690146912157344
AST0037,Corp_Bond,0.1039626489584061,2737569.7854894707,0.6550651509210907,2,231.31943813377325,0.060097118216899906
AST0038,Corp_Bond,0.0655000155186814,9583175.996840259,0.6807232398564873,2,128.16119108789252,0.03019085623223792
AST0039,FX_Fwd,0.0714300811822637,257159.61396493012,0.4450916158827095,2,223.18722963259518,0.053244541993058794
AST0040,FX_Fwd,0.07869244632416146,5332752.284487828,0.55948099047977,5,38.13357087490135,0.04519263524904473
AST0041,Corp_Bond,0.045889180304280915,1005909.3507023394,0.5243674275724246,5,203.95954105276894,0.031732671965491954
AST0042,Corp_Bond,0.0705383712961456,2536887.2081403234,0.35926128649929356,4,329.5587990366281,0.04012414634042877
AST0043,Equity,0.10245250972290587,4246253.49669792,0.4447393003197988,2,104.59686144052534,0.05198335719834378
AST0044,Govt_Bond,0.13002575806767447,3424226.026361232,0.48753204607150064,4,448.9715858957832,0.07811656972683542
AST0045,Equity,0.04626820841252677,4060344.324262042,0.5498395686287033,5,224.49910250787138,0.02617305295239245
AST0046,Govt_Bond,0.10357465623463803,15900371.665528875,0.4987031872779571,4,231.93667242761117,0.04847506751034616
AST0047,FX_Fwd,0.031070738901692495,38795301.84882928,0.6570246707012586,5,138.99988652679042,0.012432621174143853
AST0048,Equity,0.10781933505517272,1504065.1030246562,0.7604951102493667,3,472.97232421050546,0.07425414372768321
AST0049,Equity,0.31056068687447036,15080878.323122159,0.6051987410330394,2,403.92769328247385,0.1527543109937454
AST0050,Govt_Bond,0.1744971099340896,16485220.988458294,0.26728752525516597,2,244.36721506387295,0.07223926157077956
AST0051,Equity,0.09034790656561231,2316487.749674789,0.5639969613614966,2,316.2369803089617,0.051382311208141844
AST0052,Future,0.18090303258358048,1441706.200068365,0.5584578044956696,2,492.6980233884738,0.11821306081800226
AST0053,Equity,0.05214378558637338,1202044.72756933,0.35543273282227195,2,239.3974829643954,0.029093064092562355
AST0054,FX_Fwd,0.0503042570330374,11903587.258369429,0.5052379106358399,5,23.12106741824309,0.02409518803268172
AST0055,Govt_Bond,0.07436938492566182,2330206.788374769,0.3939588920745666,5,80.43722344755324,0.045755453671664954
AST0056,Govt_Bond,0.05208810351085989,621587.3407564177,0.5990139303058085,4,450.88863426750595,0.038142315994092874
AST0057,Govt_Bond,0.2491374262216963,11816016.417008108,0.4266904367762461,2,444.02577620806625,0.11785581112440506
AST0058,Govt_Bond,0.09467426921668448,1782417.595622236,0.5876239181469243,4,365.32943355848954,0.06262384610952232
AST0059,Equity,0.08510531362799711,1189295.6991421995,0.42502581667917183,3,134.5238133487506,0.053616134942128676
AST0060,Corp_Bond,0.14955797083626607,12557225.468785744,0.10995762188120833,4,28.95132325845565,0.06695116121485986
AST0061,Corp_Bond,0.07237373226816848,1175402.0515021288,0.6659834691219613,1,127.54272537075404,0.043713165973745846
AST0062,Corp_Bond,0.17010421385352026,5939109.0536383,0.6002361410201273,5,387.4385248661425,0.1051047472883091
AST0063,Equity,0.06391155854629846,2203040.632884398,0.2944963521095798,4,427.48399539828307,0.036060261017396775
AST0064,Equity,0.13407913297283214,556637.061468492,0.4254614953891921,5,482.60785152260746,0.10949249271789023
AST0065,Equity,0.10491928364100317,679805.4010075555,0.42033649367544673,5,18.81017497033541,0.08100993383157319
AST0066,Equity,0.05426939458336412,1188025.7650607089,0.7880926692458216,4,410.4531398780817,0.03832139722653572
AST0067,Corp_Bond,0.08484545952995169,3315585.188380651,0.6363582035903201,3,88.10253179409746,0.04881780200513449
AST0068,Future,0.1145962084189599,361621.59817459004,0.5400338787308474,1,193.60955654842004,0.08327996188670801
AST0069,Corp_Bond,0.0757012605943358,10192785.434312781,0.44930187668570715,3,374.9067603035573,0.0344008374148298
AST0070,Future,0.05784906030038247,361270.6197757079,0.4314723492927429,2,18.357649950705124,0.03995883919861733
AST0071,Corp_Bond,0.07030867480094137,835987.9587268288,0.48898325777841106,4,320.9078000810389,0.04909803035571848
AST0072,FX_Fwd,0.14488537707351823,10522798.635106586,0.5371435933849346,4,62.31583660650527,0.07546860497902327
AST0073,Corp_Bond,0.13680014188727335,11784410.38654183,0.3514118749554974,4,82.52891677495658,0.06588087308320104
AST0074,Equity,0.042333534252203646,7261170.721017726,0.7197509366219441,1,42.10917504166893,0.018741675731301168
AST0075,Future,0.11615815318420936,4700536.648099809,0.22313336615387513,5,439.1811673572201,0.06389905030739194
AST0076,Equity,0.11178343195765955,1187729.674967016,0.4099490080232054,2,446.6772505817227,0.06854331774675466
AST0077,Corp_Bond,0.07330466271010865,3477882.244735568,0.8232489331435358,1,234.49670609632182,0.03949467531327456
AST0078,Future,0.08035837253040194,2112932.396813455,0.4721880882757489,2,249.75691158520036,0.04455208283204962
AST0079,Equity,0.10316551978369592,2947184.769490662,0.6010423224489188,1,313.11426054901744,0.055159079584205184
AST0080,Corp_Bond,0.28487524731443026,1527967.828760603,0.5099362592172036,2,148.01899375145237,0.19032148108485042
AST0081,Corp_Bond,0.0952232165235296,2111020.9376619244,0.5662322271491194,2,267.0193556965369,0.05524115023827154
AST0082,Corp_Bond,0.09286447106899924,682034.0348834095,0.2937723169931163,2,35.89595609830113,0.05866576694514287
AST0083,Govt_Bond,0.047461008982999646,5090466.616497789,0.8533506887417475,1,141.4908221197741,0.023332966167091376
AST0084,Govt_Bond,0.06624215734338862,10070394.880233482,0.44527180132302396,4,108.9419665972015,0.03124497029969397
AST0085,Equity,0.0559152923104103,10462230.184702076,0.3238485079672355,1,322.3449857066214,0.021397595990732713
AST0086,Corp_Bond,0.11339733097732455,3433589.396597091,0.9011485413513287,5,187.4823269438983,0.07994663496335697
AST0087,FX_Fwd,0.044405216703214304,166482.27870540024,0.3256759310255572,2,248.70306805673698,0.032504985141899145
AST0088,Equity,0.09859345966275963,697908.9206209986,0.3983389421977987,1,85.77126248945547,0.06129051976138897
AST0089,Equity,0.05099197346651621,973277.458431729,0.6845512716999097,4,260.35866551137747,0.035742177318496215
AST0090,Govt_Bond,0.09268016814319929,1263464.4149137582,0.4290997594812944,4,382.15305749160507,0.06142330631963138
AST0091,Equity,0.08934255936821203,1156001.9574228274,0.4730929232066822,4,427.5615722462227,0.06058071397294203
AST0092,FX_Fwd,0.11096453598307776,392676.93533855607,0.6617173241875547,1,287.42952312604086,0.08234602613223697
AST0093,Corp_Bond,0.07201534616194129,7051099.33116041,0.36279070459397866,2,402.3851229369795,0.031896456312434186
AST0094,Corp_Bond,0.11342205899687718,3251942.2922258335,0.43308291675163524,3,339.11182974955426,0.06339167655881849
AST0095,FX_Fwd,0.05368842290179048,1296786.1023545351,0.6300978129318826,1,175.22560337756772,0.030680620491980965
AST0096,FX_Fwd,0.10482640192081012,3810452.8829214578,0.7674714583525951,4,69.90905704329067,0.06596890786851305
AST0097,Equity,0.04064397042888315,8295596.312954857,0.8173169915616718,1,485.5325487922808,0.018087841932523163
AST0098,Equity,0.05998271888074693,2137069.1168276477,0.39688763019944323,5,325.64491756594975,0.03662317431115703
AST0099,Corp_Bond,0.041925129132589514,2913749.0785561185,0.5875962108825135,1,349.433107275615,0.020438181117656662
AST0100,FX_Fwd,0.0524287252606599,5560590.894303304,0.37911677658058035,1,152.9994585244729,0.02228352345862691
AST0101,Equity,0.07534851217285049,39970976.13668976,0.409248101456451,2,410.0569779065097,0.02620515279433723
AST0102,Corp_Bond,0.025600578577921966,2193880.8634704673,0.5706303982914372,2,455.57090419123523,0.012965381346679577
AST0103,Equity,0.1619619478522154,3099922.2786556,0.5312418147679981,1,167.61590109256235,0.08804355387899646
AST0104,Equity,0.06969327317152506,1225987.7642440582,0.461197052743634,3,101.75761873463385,0.043309817602049834
AST0105,Future,0.044219534017499486,6557127.955356978,0.5844538410202587,2,11.950403627933099,0.020154037160765536
AST0106,Govt_Bond,0.08919998682379465,3639409.9349692273,0.6954165508912331,2,192.0435080654506,0.049248986381044295
AST0107,Equity,0.09193945674950373,3051969.938932949,0.660274689107987,1,340.351675920032,0.04920649865883698
AST0108,Equity,0.18200288411459856,6083509.9472667035,0.596078486400028,5,376.5321014097676,0.11267179617043725
AST0109,Equity,0.3130030057086057,11023734.429391487,0.007643234352660733,1,468.97579584843385,0.12840476791666736
AST0110,FX_Fwd,0.10325595728774012,959448.9686567361,1.0,1,425.2515657263889,0.0736415583303357
AST0111,Equity,0.037358857067391435,11211198.285002848,0.5023589475221714,3,231.3472050002812,0.015845187276102096
AST0112,Corp_Bond,0.060368755405282325,17568966.637782294,0.549080194688412,2,115.67790388216804,0.024225138232800928
AST0113,Equity,0.08927503749966681,1830408.0168193998,0.3843659821365164,1,278.03897950153265,0.0473511515178045
AST0114,Future,0.11025447591184437,2219236.0248535625,0.6645962690467329,1,102.24542835724112,0.06311400707160096
AST0115,Future,0.06067864050298578,10011674.238716898,0.4403921470832979,4,442.7827586708968,0.02835416315730946
AST0116,Equity,0.06101163705287984,5574570.031768426,0.7843055509469494,2,172.2640968003672,0.03124309963896096
AST0117,Future,0.08958500870927412,9701080.78306463,0.4465955028866509,5,60.53270856583616,0.04605875766570665
AST0118,Corp_Bond,0.05558178612296063,1918765.2439483104,0.977844365356671,5,342.3251830254892,0.040744066360658984
AST0119,Corp_Bond,0.05538235597450141,1865401.96563557,0.5714208005492329,3,16.369700985306224,0.03264396485839836
AST0120,Equity,0.12298625353278651,10417699.42047841,0.4296529505759939,4,77.26384797322783,0.061112588354820856
AST0121,Govt_Bond,0.12324544006431584,4240580.638840865,0.3143270355746246,4,232.29852870466968,0.06771154863945274
AST0122,FX_Fwd,0.13457605146422694,7588382.906886777,0.3998214188133218,3,144.6423651487407,0.06671061919007555
AST0123,Equity,0.0492547910767153,2518132.6977270623,0.7357438409600492,2,377.648292026939,0.027411726316448767
AST0124,FX_Fwd,0.07145887749367656,806488.522073301,0.013300058636320222,5,397.6814505801678,0.04580312373908858
AST0125,Equity,0.08403792143412657,20685312.713346824,0.4164753245995354,3,318.23656115869863,0.03436339988010548
AST0126,Future,0.10441771375061727,2195725.7834891006,0.7685855687054888,2,10.012961865804343,0.06458008713343115
AST0127,Equity,0.07357056503204598,1970799.037260587,0.42025983759083674,5,93.59744455706128,0.046732959271154256
AST0128,Equity,0.22660544949460076,186398.47710919232,0.7085298222120069,3,498.53926814184865,0.22636273620955794
AST0129,Corp_Bond,0.06889302192503574,2657162.1415838567,0.20213623219547738,4,445.67460989899234,0.037037485622747106
AST0130,Govt_Bond,0.11297208261313764,9311356.334328111,0.6109205112207734,4,314.2556115662921,0.05977059500111491
AST0131,Govt_Bond,0.06356028609641008,4128327.5318898344,0.7620511517313688,4,252.8226272640796,0.037531864482846816
AST0132,Equity,0.09899746660359922,5724515.356405668,0.326807358237752,4,186.6118061789594,0.051059942414518715
AST0133,Govt_Bond,0.09915162873368999,4396360.579861633,0.28984783120562785,1,201.28602997513605,0.045296110826175726
AST0134,Equity,0.13101745721324848,359721.75368587335,0.12823646077061085,1,235.29757253292786,0.08535050052362657
AST0135,Equity,0.06881456089296442,8926847.968762552,0.45547597786937827,5,364.69731442235025,0.03498461044771517
AST0136,Future,0.044389046514393994,1375040.1432891584,0.43482787116293137,5,46.35362595100121,0.028418376893966417
AST0137,Corp_Bond,0.1008510911648835,3194859.8888429855,0.4494125723350877,3,437.18174661030736,0.056129973311629014
AST0138,Equity,0.08455208578203392,2632300.8210814623,0.5763276907578001,5,103.1345238499856,0.054646881791727296
AST0139,Equity,0.05747432897355041,1024094.5185737545,0.6966279779894728,5,309.3104835118332,0.0426896874335913
AST0140,Equity,0.08454448705658682,16728262.927062951,0.8778231918514208,4,242.82686627120066,0.043114343468405106
AST0141,Equity,0.04875136553722853,14662239.256360548,0.8746508707242131,5,114.29731493472819,0.025205911488199572
AST0142,Govt_Bond,0.05142854943718375,809899.4527398822,0.3734691683303063,5,138.31765459781698,0.0355147605737186
AST0143,Govt_Bond,0.09489597475968574,15739271.729802819,0.28702837348028987,2,445.30670128945985,0.037442714756181265
AST0144,Govt_Bond,0.16686545348797902,1491102.0828498474,0.523394957248323,4,402.148530585795,0.11769138753925329
AST0145,Equity,0.03321338115963556,133492419.98286122,0.4398703117052411,5,269.59421329729645,0.010414203433984935
AST0146,Equity,0.01843023034797918,3312466.0939213196,0.44045712935087106,1,276.42402879787085,0.01
AST0147,Future,0.20238635798482096,371548.6049741742,0.09680928372148823,3,164.8694374313856,0.15002749617493208
AST0148,Equity,0.10303215070833947,2320132.2838709718,0.44493182464667425,3,269.62355748262434,0.0602106460822577
AST0149,Equity,0.07856613277041012,3119951.2705838904,0.8160530860908475,4,219.1648736680686,0.05022667153602122
AST0150,Equity,0.08147188008608314,13279825.785691964,0.7509610487730785,2,465.3744899391609,0.037326488027761076
AST0151,Corp_Bond,0.12574244638398815,219275.8290892756,0.4230870403396884,3,72.04547067127238,0.1060878183628567
AST0152,Corp_Bond,0.0734432266992062,10319463.227746662,0.5567318430662882,3,388.3824539232741,0.034300050123717514
AST0153,Future,0.0850172148447091,808985.8652719416,0.5916966121463001,4,58.64930673926516,0.06270945746675087
AST0154,Corp_Bond,0.10516961347298581,7703051.5678451015,0.5291203880979469,5,308.8805988386095,0.05830533285051828
AST0155,Corp_Bond,0.02825626137313262,580538.1631965433,0.6142339109955277,5,45.715255406514565,0.020766784067085552
AST0156,Equity,0.15408208863952055,798205.0685793232,0.32283951500390135,1,131.6764742805708,0.09596297530921744
AST0157,FX_Fwd,0.04724992166218504,51352206.036084175,0.39199058135307335,4,58.01825954102425,0.01660751261180281
AST0158,Equity,0.10474271000812489,3832677.8511737967,0.30521522394882306,3,327.14053204346243,0.05453025795675953
AST0159,Future,0.20610807539977125,725560.2850931755,0.3482854752806289,4,367.7139402742608,0.15694824797882836
AST0160,Corp_Bond,0.07904937188951107,1051258.6371116112,0.456885054698022,5,167.7074852703528,0.056188676353930454
AST0161,Govt_Bond,0.12054781763231695,5058973.399382221,0.21964498106967056,3,168.75434712612122,0.05950368142207396
AST0162,FX_Fwd,0.07420938298647962,7406193.33016764,0.45603532840946764,2,407.0588454890589,0.03365329066311847
AST0163,Future,0.10038435264978308,7509426.636713114,0.5657067115975426,4,284.1498906942549,0.05347761739708335
AST0164,Equity,0.21211407388015496,3481819.3603776363,0.34874003790654606,4,276.6728848998934,0.12804649974559115
AST0165,Equity,0.07247104072682847,3822452.7620271402,0.6031295337583945,2,235.2967819124759,0.03784045761713872
AST0166,Corp_Bond,0.13133500713866306,595408.5656396656,0.5633980575482253,3,419.08931267067464,0.09992202282582618
AST0167,Corp_Bond,0.06596778786570302,3073978.5757989273,0.4684754486367971,3,109.01500422081897,0.035596525113197705
AST0168,Equity,0.06496876656822269,956392.4467393619,0.3119109400432065,5,69.4433181728104,0.04397523795036146
AST0169,Equity,0.10297440022959257,4342751.229216342,0.508636513500773,4,475.7250970839544,0.05869246037647393
AST0170,Equity,0.10738302440149138,9865201.289856667,0.5908128761612872,5,301.3107734915957,0.05855709298041459
AST0171,Corp_Bond,0.06725411196433427,758055.2351423608,0.5841973002852823,5,25.624944827957822,0.05132628995244916
AST0172,Govt_Bond,0.1172377522926644,2173482.3028291883,0.5322221813693407,2,462.80423759133936,0.06843671657394912
AST0173,Equity,0.03702240520729867,223317.56259189337,0.25963383714961075,4,281.72782230045766,0.027591504008695415
AST0174,Govt_Bond,0.10957611310849584,22529734.465364393,0.6546092165168815,2,482.0137270795604,0.04640962110805966
AST0175,Equity,0.10695122834239375,3070174.5098047657,0.5301451134894508,3,138.02036032708673,0.06171096689868774
AST0176,FX_Fwd,0.09520847243870907,1470422.2298555083,0.4500763883743268,4,429.1580041352428,0.06223604787755629
AST0177,Equity,0.06607163242547297,3242541.0260629635,0.3705369481587887,2,141.96479558975494,0.0326743056129491
AST0178,Equity,0.06305994697641958,787805.354059657,0.7270615787925134,5,306.9863589515254,0.04962310626990619
AST0179,FX_Fwd,0.09274057398426507,6609587.79556249,0.16610603031332222,4,247.664877743158,0.04431877334154565
AST0180,Equity,0.06722154611321945,2651243.9120972743,0.4111250888739101,3,408.423841737814,0.036523082813946416
AST0181,Equity,0.15656438267387474,6434154.6388245765,0.7414816202138956,1,489.26398830953474,0.08097039053413731
AST0182,Equity,0.057989057648669635,8262911.929741901,0.8017149390744444,3,195.4423159459028,0.029432389802741845
AST0183,Equity,0.10812448133833537,548274.7529207298,0.6852241843815327,4,76.78879525751863,0.0890674213747053
AST0184,Equity,0.12205619957024397,8037964.5713261925,0.7031377615322901,1,67.01773775529281,0.05886889010657353
AST0185,Govt_Bond,0.03624968902346741,6316599.915978821,0.48464271973400336,5,224.69306518594144,0.01836520077816477
AST0186,FX_Fwd,0.17813242529503803,1279255.6759796645,0.5698735735577378,3,480.4027213610703,0.12481945650143948
AST0187,Future,0.05858461800989017,476714.08067585365,0.4474616199763026,2,233.9279158510411,0.03905425000064262
AST0188,Future,0.09068397267140291,28550737.796019055,0.26113429743923133,1,440.8858526614395,0.030746453210061683
AST0189,Equity,0.07224388972502556,9705751.197291154,0.6598109088980425,2,148.15528950427472,0.03335327878435443
AST0190,FX_Fwd,0.04636121147269048,3253428.8734189617,0.7002983519130995,2,465.9778597550954,0.024417757236969616
AST0191,Equity,0.04117388268533872,1814977.7588711462,0.6505748663976505,3,278.84387077395405,0.02422570128604162
AST0192,Future,0.09784537754668443,8069167.95971149,0.813955744019172,1,468.61790655873506,0.04769251843044023
AST0193,Equity,0.06862961068025426,8885829.458319055,0.7177380675836044,1,52.942865414684654,0.030917343829937355
AST0194,Equity,0.10203190740146287,4085225.7966245515,0.46480346678379614,2,112.20711902730642,0.05236386239494136
AST0195,Govt_Bond,0.12681956161469068,17580084.253453948,0.6436699037524289,5,318.2834383713312,0.06550954612990655
AST0196,Corp_Bond,0.14699088459557977,6436315.973119667,0.6777561948209303,3,338.59955483120723,0.08190082935879597
AST0197,Equity,0.06079722644302226,4419340.63348861,0.28488138119652806,5,291.41339337040154,0.032231121756120064
AST0198,Equity,0.09850761097051754,1133529.8688509734,0.7288635065204347,4,211.29489470120754,0.07304486492876233
AST0199,FX_Fwd,0.04513374009378216,308092.20311009564,0.3616530368594295,5,202.48215548129303,0.035437142918666335
AST0200,Corp_Bond,0.08624014368492255,19021721.498917177,0.4728713387391519,1,24.30821440845859,0.032948363454224666
AST0201,Equity,0.043583457658854886,360161.88579750736,0.32373988686085375,5,39.33331567373948,0.032934334778646976
AST0202,FX_Fwd,0.09588567755002586,548933.3708242632,0.715036662772589,1,219.98679199098515,0.06776311971359446
AST0203,Corp_Bond,0.17581477858417224,1897339.3083681432,0.7524809179373093,5,190.64436418231426,0.13538446500190066
AST0204,Future,0.05216690801649741,1047486.4546567426,0.2089972763393418,3,284.7276649437205,0.02989530437208625
AST0205,Equity,0.08934576757025064,2474337.645142094,0.781139066057664,5,187.4067622185629,0.06231979682788782
AST0206,Corp_Bond,0.0837951316579039,26513553.36996447,0.2370704709656294,5,253.33159244308945,0.03456194461983854
AST0207,Corp_Bond,0.07183674069827997,33516811.007570308,0.42097170874963585,5,283.34836816663875,0.02976663622030854
AST0208,Equity,0.06397778866996727,300869.5513941441,0.3523227783998799,1,374.9303399532032,0.042619685605432965
AST0209,Equity,0.05469211149704598,12638199.881991819,0.5574693967568629,5,47.367903100379685,0.026594162382111756
AST0210,Govt_Bond,0.04353694836256589,547189.9752348735,0.16921631470382464,1,41.52816352826434,0.024149116980727935
AST0211,Corp_Bond,0.1217423361445652,248703.53672183875,0.6842214387046779,4,167.7148181915372,0.11422338583246869
AST0212,Govt_Bond,0.10556235801216766,5578327.089343688,0.5055617192329864,3,32.19411050608991,0.05520951356493193
AST0213,Govt_Bond,0.05642506568622851,2224743.0842001755,1.0,5,277.53633455221734,0.04078550275923341
AST0214,FX_Fwd,0.027599284583375825,348385.5890865752,0.18024218164747563,1,445.72317895629226,0.01570338627231207
AST0215,Equity,0.07652156622315333,3898551.6162081705,-0.03124899179777063,1,267.2399421457364,0.031498265633747975
AST0216,Equity,0.14530974091506318,632886.450030773,0.4644483860303691,2,228.85942101738647,0.1021841520666791
AST0217,Equity,0.11756178566617524,484465.36509192135,0.8111195158436875,2,54.90532422586826,0.09348217379164195
AST0218,FX_Fwd,0.06879100896268403,311452.64579776354,0.49493880147063296,1,309.1867856916887,0.04792830596744945
AST0219,Equity,0.04527631002396746,9327396.566741366,0.11794459133052182,5,352.577130966877,0.019817599236479962
AST0220,Govt_Bond,0.14797682465043918,1298198.287602928,0.46088179056265566,1,418.42189832899606,0.0889386889745088
AST0221,Equity,0.03812016839901261,5460324.996206513,0.5180510256131358,4,232.42892138820835,0.01906158363167058
AST0222,Govt_Bond,0.0657259100666672,1320501.2229389339,0.5271185447987989,3,212.00515784155957,0.040957890167306804
AST0223,Equity,0.16944180806920014,6363196.066546497,0.7411000967144908,1,304.3787745589441,0.08846252311735206
AST0224,Equity,0.051806708434601036,1564846.4187866342,0.2597872266819818,4,46.076886238261196,0.029817864740935184
AST0225,Corp_Bond,0.03355170928340281,8189400.463512947,0.7397556554402117,4,256.1019632938353,0.016659244002067346
AST0226,Equity,0.08920229513885931,9419284.687375583,0.4933824906484627,2,66.12793093276898,0.0401919366847499
AST0227,Equity,0.0713130691937013,2094838.4082952486,0.3700845809976991,1,390.50237510502933,0.03608796954318794
AST0228,Equity,0.07912327886183967,2907812.0471815555,0.6945182433799193,2,225.04946835955278,0.04463066815978779
AST0229,Equity,0.24415686456356747,1998310.166162522,0.48286608280532906,1,382.8818601285056,0.14557255326185417
AST0230,Equity,0.07585230078824472,5938009.529836138,0.4313286091131898,2,225.49481480538736,0.0353722425054982
AST0231,Corp_Bond,0.04838026143009689,7616454.910755295,0.7182941737036873,4,325.957074499407,0.02502838979182105
AST0232,Future,0.0716494452895646,1949956.3509735188,0.6141701125251118,4,462.1211048634555,0.045837934543940646
AST0233,Govt_Bond,0.08684569335907641,36586513.01084652,0.7263874601443538,5,210.16990101197644,0.0396693383638984
AST0234,Corp_Bond,0.07008892493984567,14572608.207780596,0.37546238273823307,3,81.06602013476454,0.029299677762124356
AST0235,Equity,0.10790902679239738,7635880.8363107145,0.16276228191886655,5,343.3868102092504,0.05380602201877321
AST0236,Equity,0.0713559033683479,1459908.3469596766,0.7054283145443554,3,147.8679074658243,0.046590124899181025
AST0237,Future,0.0915882484699602,5551001.888390679,0.6281265432934419,4,95.45214920596341,0.051544346869782945
AST0238,Govt_Bond,0.07764942364009766,316486.3067236079,0.5285363150288647,3,134.2762103288351,0.06098480922688374
AST0239,Equity,0.048012100413766995,8072156.921584612,0.3999117818444477,4,140.4638862914983,0.022362308350834546
AST0240,Equity,0.0903394557236371,1936656.3437769893,0.6779303138747582,5,465.6451598387077,0.06344887488945394
AST0241,Corp_Bond,0.05183012490186849,468621.23139995895,0.6713513626020751,4,464.8411018197053,0.04044472577626754
AST0242,Equity,0.0664878240737234,4045836.262867167,0.16097361526676618,2,394.99850715434167,0.029887120536467107
AST0243,Corp_Bond,0.031128973893993647,872228.1427135455,0.8276838397902433,4,262.26425753383535,0.02203940062698206
AST0244,Equity,0.12834171788777016,1389082.127393589,0.14855414520017768,1,103.67676569521504,0.06854591790309139
AST0245,FX_Fwd,0.11049151735456857,14121274.886514813,0.0660321002264469,3,404.2919928184833,0.04426339130535676
AST0246,FX_Fwd,0.15721757674553982,15544066.539550003,0.38521728440432446,2,341.9066082362819,0.06732119797605372
AST0247,Equity,0.056068758251974916,3870643.360772472,0.719473814402781,4,494.11371262535266,0.03259418010731787
AST0248,Corp_Bond,0.06929117199571418,420911.2602609633,0.6499049323546371,4,375.7142572277452,0.05620404911145107
AST0249,Govt_Bond,0.14922553058131155,11159999.957589647,0.49546526165754595,4,135.32168028400656,0.07631442131645166
AST0250,Equity,0.24419110312463976,1133972.193896996,0.6619915954774707,5,241.32568738106733,0.20429250020686066
AST0251,Equity,0.030666123498067098,7880782.198997469,1.0,5,273.690680367081,0.01725114354603464
AST0252,Corp_Bond,0.12930304861205824,555614.8394681454,0.4885795971408426,2,262.6121452992994,0.09231149719907182
AST0253,Corp_Bond,0.09591498387113068,19295084.089428026,0.499985498001365,1,337.9680974506275,0.03725904025193386
AST0254,Equity,0.06492298394289597,5280001.516070715,0.23671808868054395,2,432.64408423960157,0.028617442763129157
AST0255,Govt_Bond,0.0517368630488423,716150.9973640017,0.535085356062125,2,166.46121864673668,0.03289961377022918
AST0256,Corp_Bond,0.0708301212460722,2643814.9986025086,0.44854111126474383,3,210.2770101656499,0.03913862190977286
AST0257,Equity,0.06712880432850386,1141202.8113322235,0.4098974223393318,3,69.58239157763458,0.041367660559811704
AST0258,Govt_Bond,0.05322405469450726,4396962.833732995,0.23587091887292405,4,472.60867434174133,0.02611875763423402
AST0259,Corp_Bond,0.058260814959806756,4519104.130975563,0.5901740331275269,4,370.23716131640384,0.03195395409808167
AST0260,Corp_Bond,0.08889049784632763,151656.74839687138,0.6336373197936297,2,34.04216762584267,0.07757346154283898
AST0261,Future,0.16086154263456864,3742808.9959067963,0.30622493578730653,3,351.2018499367296,0.08775584834449499
AST0262,Equity,0.07328677064011788,4063438.4349650415,0.5030918753660127,5,137.5244337203902,0.04279876855850718
AST0263,Corp_Bond,0.05253284570445777,7454353.041441658,0.6776065716506193,3,198.47659009802703,0.025831967842340958
AST0264,FX_Fwd,0.13539725688033016,5932371.074323549,0.4136424329684692,3,102.05113356937089,0.06997455099430605
AST0265,Corp_Bond,0.052136572769325824,3416343.3285005377,0.6515977649343723,1,287.15030620253265,0.02585528761341152
AST0266,Corp_Bond,0.17342466125055733,38977435.26677489,0.2146946187647889,3,97.66978675607254,0.06525786851717261
AST0267,Govt_Bond,0.04680993604897144,11385531.201167805,0.846752843588068,3,379.93686767367944,0.022464751078584103
AST0268,Equity,0.09801650234326281,8690613.640534945,0.3972814817475874,2,482.22399813417616,0.04384082353798456
AST0269,Equity,0.06764794212209888,2647138.7894262816,0.27284089649127163,1,389.84574995369076,0.031933227058886945
AST0270,Equity,0.03981809423375606,2244093.203707582,0.5277759111855012,2,180.0546521954806,0.020736785517999026
AST0271,Govt_Bond,0.03451456663975138,111620.8595310008,0.5804541523456751,4,446.22209548718996,0.0312063319729714
AST0272,Govt_Bond,0.06706744270687877,1388288.5985777455,0.47735446556363503,5,332.93228423332863,0.045255863511683946
AST0273,Corp_Bond,0.06351211459316755,7064567.726919055,0.28115964345767974,2,330.5844116270724,0.027099246650697347
AST0274,Equity,0.06395835011467017,3468397.87975283,0.4969950043334926,4,237.22073916840563,0.03582578765912714
AST0275,Equity,0.06497633750017287,1594102.7968656374,0.6297109511913751,3,102.36741587917088,0.04054693456185691
AST0276,Equity,0.06195507978753783,386255.0726604594,0.6470640384164983,1,480.40880384493147,0.04329020715688842
AST0277,Equity,0.07307575844413676,1540551.1924633163,0.5018906141140667,4,448.9214757049473,0.04692077668851799
AST0278,Equity,0.03743425819371868,598684.343909123,0.8055971015724657,5,422.1997668716905,0.02983091378661811
AST0279,Equity,0.03483072210420083,5547566.765763581,0.4553896161275107,5,470.0936407875674,0.017765010946024885
AST0280,FX_Fwd,0.06716503272469575,578985.8310528892,0.5206786590492217,1,407.71577152907105,0.04286738607225521
AST0281,Govt_Bond,0.15204104980419175,1761656.69715211,0.5942751371177213,4,402.72347136940755,0.10584523907992173
AST0282,Govt_Bond,0.048781213819808794,11160132.15008333,0.21655953113172105,2,349.70773423225063,0.018564730438135908
AST0283,Future,0.052506905497954746,2785765.956463102,0.41666179350062205,4,224.77127179075643,0.02909095631695489
AST0284,Equity,0.11167929753305446,361129.2011348262,0.485358544284699,1,10.026995449691235,0.07965047855780592
AST0285,Corp_Bond,0.21076717923895283,4062707.971038517,0.6030125637850277,4,446.361731958978,0.13409170101292242
AST0286,Govt_Bond,0.1565182264486674,693905.6613431361,0.5365574410637237,4,37.15543027414344,0.12351194954218554
AST0287,Govt_Bond,0.11880113226787097,2843787.3217731975,0.34385130488532556,5,66.01981689689869,0.0732332086541239
AST0288,Future,0.28167036054612204,190374.11634901544,1.0,5,427.13229620581836,0.3457423654149464
AST0289,Equity,0.07066123979943507,3310210.3195114243,0.3424435030136329,4,342.07043810277406,0.03843376125366204
AST0290,Corp_Bond,0.1433232596801356,508787.861742839,0.5947420795760205,3,83.00544183264607,0.11368849595740191
AST0291,Corp_Bond,0.08415510166856245,3150406.257180256,0.6374125082060453,4,182.33514405089662,0.05126918112005855
AST0292,Future,0.1303172936768309,2769295.116064705,0.9665671220806884,1,131.73362691908153,0.08033606958894199
AST0293,Govt_Bond,0.08503158991417692,2525337.964447229,0.6310520388717707,5,189.43086408664962,0.05624699220485088
AST0294,Equity,0.24179078768192613,3502104.1885333285,0.7055981873622346,4,141.21385756737897,0.1644527105982224
AST0295,Equity,0.07329261563397571,1271041.9491809707,0.515217733636883,1,118.171254556906,0.041869753525215304
AST0296,Equity,0.17589793835428844,3287140.002390411,0.4745519302138882,2,302.10106691676634,0.09877309943057767
AST0297,Corp_Bond,0.09833556969239177,13132064.611296102,0.4827627647927423,1,167.26906944395805,0.04036095095070796
AST0298,Equity,0.07098051503137556,5311928.13622335,0.6526937425096652,1,300.7518726762825,0.03398872690910258
AST0299,Equity,0.14110565254842952,218090.55896832485,0.3148008571824904,4,109.86271460949706,0.12265737216125248
AST0300,Corp_Bond,0.04781400730904263,661945.4207746868,0.5410024212708793,5,438.65276783862095,0.03552743186939311
AST0301,Equity,0.04528169190180113,851144.7825879036,0.3356194087180895,4,146.553071929232,0.028821537291077486
AST0302,Corp_Bond,0.0861818669225077,503103.53943476005,0.6265193381690128,3,359.790845542659,0.0657049025729251
AST0303,Equity,0.06120235051404771,5297885.242827317,0.8474219644215769,5,295.02928449120185,0.037404935451592104
AST0304,Equity,0.13142202325252977,1602335.4020916412,0.3229142487209875,4,276.385717970462,0.08430811187438046
AST0305,Corp_Bond,0.127666945328378,1439080.9246503778,0.4107613306071677,3,281.1183467878285,0.08104974854283695
AST0306,Equity,0.11609465815294115,3447980.759773164,0.4160253806699984,1,281.4363882629597,0.05803543877348147
AST0307,Corp_Bond,0.16103627649611432,356866.68533501955,0.6334612504449411,5,467.44058372430834,0.15239228590291923
AST0308,Corp_Bond,0.049770425319560954,8749212.550989369,0.18861590692455615,2,324.9890155289203,0.019520619624498338
AST0309,Equity,0.09240155616873508,5980166.784479689,0.6590737148038204,1,376.3140501768256,0.04471375276042294
AST0310,Future,0.09245226756624568,5570161.146931728,0.5096734097671612,3,71.0875211499705,0.04778530823418464
AST0311,Corp_Bond,0.15619932873478454,5536391.20462612,0.6842336997665739,5,484.1327818020481,0.0991747044224286
AST0312,Equity,0.08196114159448212,3876842.3505974254,0.9286965388802773,4,340.0301941974989,0.052683044310369416
AST0313,Equity,0.059264759120906264,2401991.308693593,0.8192195384647654,2,37.913342904508625,0.03469534586508642
AST0314,Equity,0.208556900112831,31703846.35711578,0.4864676341294373,4,135.59342411861965,0.09404522278396407
AST0315,Govt_Bond,0.09734062350767693,6403485.023027709,0.47877968598527887,5,142.34663107342755,0.054228883612002364
AST0316,FX_Fwd,0.13990993463626727,9319074.841912203,0.3394346689201576,2,245.90054579102906,0.06306637556147499
AST0317,Govt_Bond,0.23996080701854244,8465945.829998607,0.36595051566146053,5,264.47082001454305,0.13563516001894235
AST0318,Corp_Bond,0.04306610159211202,5899232.041674789,0.3673035494076319,3,490.2759280915106,0.01959051679286259
AST0319,Equity,0.10480342208019663,1701290.455140752,0.5626513113027558,2,138.20980835089333,0.06333578396337686
AST0320,Corp_Bond,0.06823928639183816,25064455.96498433,0.5346545104211835,2,337.12597650751167,0.026168837803857634
AST0321,Corp_Bond,0.08518035474264118,9250095.224508747,0.6279253147620455,2,26.050472515360262,0.03988492783134321
AST0322,Equity,0.30136168632091126,10137813.437144587,0.19397417745419349,2,168.59527493138566,0.13865124507084645
AST0323,Corp_Bond,0.07631166258137981,339493.1346536479,0.5835111834847211,3,328.2542407122536,0.060188121685509806
AST0324,Future,0.1617782652329411,344742.97030207264,0.4731543952583691,2,228.45388849164942,0.12629332112762462
AST0325,FX_Fwd,0.03149648636491824,12363445.333384492,0.747547228598058,3,400.8079221506811,0.013929156231264988
AST0326,Govt_Bond,0.08902317070345421,9566825.264146343,0.2427007446992649,4,455.1364101790716,0.04101424457013769
AST0327,FX_Fwd,0.12449295605965705,2703382.950336763,0.770555789743266,5,145.25920154188086,0.08829939636829562
AST0328,Equity,0.3317230222397326,835228.1353292252,0.47330857230069245,2,34.00700383288929,0.24366603720806979
AST0329,Corp_Bond,0.15367816576062182,43189500.37591307,0.4723701814023661,1,84.19564429494285,0.05499741352039342
AST0330,Equity,0.08692735101250747,1712339.206899136,0.7064889684176456,5,56.93149351087779,0.062484323566801794
AST0331,Equity,0.103878137951577,4010691.0225542537,0.4907546432906448,3,366.40799642869337,0.05674061353919572
AST0332,Equity,0.03691290262835955,18729667.30506873,0.5191037356140713,3,43.40684589403984,0.014551588343405726
AST0333,Equity,0.05427094775817158,7629368.4930540295,0.8486865491830176,1,278.508672264947,0.025413009670865266
AST0334,Corp_Bond,0.1636046730386466,3567785.005430553,0.5673948612767605,3,308.01188098227095,0.09738703351090713
AST0335,Equity,0.04507908025878607,15901811.960495237,0.7791866715747142,1,357.995035913418,0.018176312432618108
AST0336,FX_Fwd,0.039207858995770103,1174748.6429818086,0.5913419917419839,3,74.01169858834493,0.024072677261529594
AST0337,Equity,0.04884900187224087,18120996.689632297,0.3630468059178716,2,173.1033654834696,0.01806594656429564
AST0338,Corp_Bond,0.07194928852797122,7192518.906513183,0.3478622623831745,5,457.5393759909816,0.0367459580911352
AST0339,Govt_Bond,0.08835500952664795,6320694.696917341,0.32757093646706453,1,430.13157618175467,0.03821637829291908
AST0340,FX_Fwd,0.05523167091029056,11502277.341204049,0.46690920122301655,5,402.94923983313805,0.026534592757402012
AST0341,Future,0.03795543590152841,21695554.423876863,0.43461247006276504,3,278.3191888493202,0.014309729844150304
AST0342,Equity,0.11302104322741566,9418223.37323399,0.7505234600269165,1,114.23408005264693,0.05357912692052653
AST0343,Govt_Bond,0.051941007364392486,866899.5015232454,0.25117856831922036,1,400.2774689488076,0.028049363480887584
AST0344,Govt_Bond,0.04650033546224716,11302190.577989902,0.3624073785746943,1,368.3033948882913,0.01746932145747112
AST0345,Equity,0.05581508322826878,102524051.68546323,0.5595377422099611,1,29.38320435366618,0.016275539549428675
AST0346,Corp_Bond,0.15913858055951247,2700691.40369002,0.6801778936459312,5,99.11588239493557,0.11260073108535114
AST0347,Govt_Bond,0.05759413793170724,1645042.0204984033,0.2950940275358128,4,173.10274286517674,0.033605651860927
AST0348,Corp_Bond,0.05620957601586055,1523631.3616472075,0.4936871435406938,1,228.57226628217836,0.03023516297835216
AST0349,Equity,0.16597337582676477,1403705.270068645,0.285633097424435,4,255.08110356084865,0.10993626921573572
AST0350,Future,0.04725342613919508,2387070.3752918276,0.18750794709775975,3,423.14271573887646,0.02354440264250933
AST0351,Corp_Bond,0.08436403429531211,5761715.259518646,0.3382689317316677,5,174.7805062884401,0.045128716152155635
AST0352,Govt_Bond,0.06932144104520635,3438596.6405773503,0.3786575119110131,4,261.0735446495343,0.03782746745433049
AST0353,Equity,0.06533869829376733,1287157.9257066539,0.5123891915578055,4,403.56767531939545,0.042753979115046664
AST0354,Govt_Bond,0.1485352332866887,1718300.225626729,0.5469174771763169,5,32.515539327875096,0.10732347381343611
AST0355,Equity,0.05843527894299191,855308.8810249761,0.6383019625132633,4,49.423736821952126,0.04175062134144347
AST0356,Equity,0.05847928253473135,864031.6246259039,0.5967145049174555,3,151.74969074539578,0.03919480112349446
AST0357,Future,0.15330226007554754,9960363.334600542,0.2662682535220439,2,297.7561302508646,0.06754602378332568
AST0358,Corp_Bond,0.1024652012053956,692006.3616462277,0.33237577549360264,1,424.7589135848834,0.0627701970231181
AST0359,Corp_Bond,0.09782607336444027,908814.3621215884,0.31348742760866116,2,347.18389277189107,0.05985749902820895
AST0360,Equity,0.11012044310969493,1415342.227020527,0.7227231203389495,3,110.6506339185164,0.0758313261709725
AST0361,Corp_Bond,0.11883015818891296,4194129.7726373547,0.6289909915162675,3,55.31177432466621,0.06811362355538016
AST0362,Equity,0.1078380692602713,1991964.1632191683,0.30247332069046495,4,66.52911955635105,0.06524410601762072
AST0363,Future,0.1528409008116864,3024826.2000524695,0.8969712800886611,4,144.96594878830217,0.10749761713622477
AST0364,FX_Fwd,0.0711763858558558,1978953.6126801125,0.431538536388878,1,129.02226752762186,0.03699643718881047
AST0365,Equity,0.0689871344996857,12592918.277277105,0.41784299949498616,5,182.1550395022522,0.03294247359299892
AST0366,Future,0.22104234147350932,3328067.304024603,0.5539381269271179,4,199.4208394740988,0.14346347187818198
AST0367,Equity,0.06447989829254781,4707144.457592695,0.6971066930023313,3,282.091598944799,0.03487697039909894
AST0368,Equity,0.11398252325499014,2447586.8723755023,-0.1013519147611266,1,453.02544412139656,0.05126697366481082
AST0369,Future,0.04426552075194632,13741518.167655364,0.4759336726365947,1,134.3387489044748,0.016626728943772616
AST0370,Equity,0.10549954804500523,1135408.9406252808,0.21734575473245926,1,24.647998870077245,0.058136878467678656
AST0371,Equity,0.04522659161420825,590859.7711350372,0.6085399383712158,2,429.09539844694547,0.029856730348620696
AST0372,Equity,0.1390478706906881,2106287.393489349,0.6173086899359966,2,90.72724513175964,0.08509954978336155
AST0373,Equity,0.12008917559240463,1673169.6204978188,0.38869883053751425,2,140.22833134230467,0.07000227975029182
AST0374,Equity,0.0378359030465483,738676.6545134163,0.26216658500333756,3,412.17465940914855,0.022482486185026233
AST0375,Equity,0.11224620918426749,2480517.9021016867,0.1820828028666821,5,482.6163322228892,0.06689920208796779
AST0376,Govt_Bond,0.07268543564492214,3600490.4372745478,0.44915868619200666,3,170.9165691563715,0.038451984317097634
AST0377,Govt_Bond,0.16322911019065744,17378187.53655318,0.591273278605363,5,199.7375994866091,0.08527130194700344
AST0378,Future,0.16263970194561275,14342140.828063993,0.40178460710970104,4,448.77807761541317,0.07855619351979679
AST0379,Corp_Bond,0.049353768988894375,1907799.4912254952,0.44593459289795745,3,407.9068471555025,0.02760153617120474
AST0380,Equity,0.246076161274077,32906776.511872806,0.48149529425022625,2,52.75132396597156,0.10135914154355097
AST0381,Equity,0.1083917853746544,4482071.646737903,0.6742027037507913,2,276.9232629749008,0.05877071093297607
AST0382,FX_Fwd,0.06616117065425928,1766771.545357812,0.36713658618952394,3,276.16228093008095,0.03764270154065437
AST0383,Future,0.04172928037082289,4073550.6106657134,0.484529941530888,5,97.83456351746085,0.022898540172877225
AST0384,Future,0.08861287626614538,5093958.788785806,0.5031440125187928,3,130.18097920330536,0.04613204742081002
AST0385,Future,0.17484547739396286,11292452.941653868,0.7277733547486065,3,195.64545842686238,0.0924874301410753
AST0386,FX_Fwd,0.05522957620534052,1284079.81811283,0.9051846157370911,3,338.0860054033697,0.03804484424855924
AST0387,Govt_Bond,0.06530090384146847,16040071.287718961,0.2493270074165979,2,21.224732084234716,0.024471499015910142
AST0388,Corp_Bond,0.15725607620897247,3208193.062006515,0.5922353118523446,4,125.5552133642282,0.10033810933649887
AST0389,Equity,0.03677314163648038,3461194.7358575077,0.3790568658773634,4,23.75652660002101,0.018817505211773142
AST0390,Corp_Bond,0.08097493674194388,4707102.9911606535,0.5561001844809361,1,50.201459738150035,0.038864874967772266
AST0391,Equity,0.14742668007530607,2347683.747800418,0.36370225990739413,5,67.54365589935676,0.09614220876742567
AST0392,FX_Fwd,0.08440869176464907,1718836.2865171346,0.6618403768030527,5,88.66361786308784,0.05965693969567147
AST0393,Equity,0.10007559879013654,1046825.9757844432,0.46868023662031705,1,427.8834345623327,0.05987902139256369
AST0394,Corp_Bond,0.2662138734355372,5640911.799975123,0.5226820363277266,2,426.71998248052756,0.1457795939716255
AST0395,Equity,0.6297033980161384,542098.052738348,0.6483284119456061,2,161.38509110851547,0.554566461809291
AST0396,Equity,0.15877481903073376,34905728.6928782,0.5871265546942112,3,138.45911422878962,0.06732583620528299
AST0397,Govt_Bond,0.05998221032963325,10055528.148273733,0.25603254739767645,4,38.67242526132871,0.026472654182990857
AST0398,Equity,0.13802447215032598,3995288.311168765,0.5411319167406066,2,270.9747145897076,0.0749494878998866
AST0399,Equity,0.04254321369095361,8068788.905889652,0.7793465255549141,2,464.72630559499106,0.0198507920824352
AST0400,FX_Fwd,0.08545015879551,7711658.377453404,0.512662166548854,2,454.15227351223103,0.039733049808068036
AST0401,FX_Fwd,0.10007542885156646,10925530.40795268,0.36681133760086865,3,306.0824693403057,0.04514875665570679
AST0402,Future,0.04646518237372254,1423831.9364423894,0.5077801123310691,4,316.1738683963378,0.028903795916463467
AST0403,Equity,0.0821395347959692,1721685.422977948,0.11651037986976126,4,402.50858031883496,0.04674872682136943
AST0404,Future,0.0422890449406433,2344799.466814565,0.22075795412500876,3,331.838382222681,0.021103657202593766
AST0405,Equity,0.1410093571993163,2384998.7771929274,0.5948894489408736,4,196.17467571759278,0.09311767293891512
AST0406,Equity,0.04720807128877952,910813.2185076209,0.5035099201703952,5,260.51093467609735,0.03302137348115318
AST0407,Corp_Bond,0.04008589496149907,935017.0588130892,0.5454984935146528,2,179.4159621496227,0.023948918748651033
AST0408,Corp_Bond,0.21468648209117244,809977.6620201474,0.5905049031826648,2,219.2418194467077,0.1571072121026871
AST0409,Equity,0.05871514284286067,2935809.315713658,0.1883813627678454,2,107.06542303042656,0.027577561114750633
AST0410,Corp_Bond,0.12289744689903048,2547414.866381484,0.7515276829249267,4,98.80483397551521,0.08307549610680054
AST0411,Equity,0.0775787604553171,13955366.415938437,0.6560775400973612,1,353.9427371135209,0.03245760481544915
AST0412,Corp_Bond,0.08353444043983246,9632030.574511005,0.16548333777854562,2,208.08374175435424,0.03377543875198807
AST0413,Govt_Bond,0.1904361684465112,9416301.431646954,0.4333737119246984,2,399.1918564974025,0.09091841825809772
AST0414,Equity,0.0786560717754876,11824105.932109676,0.4369813649991954,4,449.7009003943786,0.036753547239430466
AST0415,Equity,0.08469877202447527,16584488.831410164,0.5725206875354297,3,287.46494332877177,0.03754594252125001
AST0416,Equity,0.18048501215318805,834844.7363308697,0.5022622855547844,1,343.4217028092576,0.11970563656238299
AST0417,FX_Fwd,0.11663976022066891,69331873.34718493,0.7860984625781426,5,398.83494335766886,0.05075758865856891
AST0418,Govt_Bond,0.07386321340349852,2310549.1855500103,0.26663964242138083,4,115.90877357956768,0.04163218674600554
AST0419,Equity,0.2668200475496351,9847441.371994708,0.8190354234704715,3,154.15264745709126,0.15445902476003712
AST0420,Equity,0.10159346324819435,23399228.95568377,0.39319447537103436,5,346.33211534561576,0.04561324207696369
AST0421,FX_Fwd,0.10009022736359711,1897043.3534154792,0.4758954465888727,4,385.7167672369286,0.06378202971837255
AST0422,Corp_Bond,0.03114294044993913,9360020.294355342,0.5038791787581094,3,289.43588884117867,0.013332585239317926
AST0423,Equity,0.152539354266841,6229443.795957095,0.6681099629836136,3,298.81061929583154,0.0854791846222888
AST0424,FX_Fwd,0.09061576804756419,4899682.120540466,0.45378722685852985,2,440.8114516762226,0.044572619368006605
AST0425,Govt_Bond,0.05556774249555229,1258906.7291530678,0.13875589797905286,3,30.350000026037808,0.030524249752950445
AST0426,Equity,0.19898076362182454,2333820.4699872346,0.17538395409268892,2,373.93390463303393,0.10886256762600677
AST0427,Equity,0.06801582622152906,2279028.9725670544,0.3192639044950121,1,202.71073452585193,0.033314718109284075
AST0428,Equity,0.09027037845290445,409547.1507441696,0.4133826489454423,4,28.8225504127201,0.07032157593432017
AST0429,Future,0.056377966472074915,4095689.6310380963,0.2726028251006837,1,219.65563511157822,0.024474821952218697
AST0430,Future,0.10531975851469577,15118918.063365402,0.16733878177472378,2,321.757756372417,0.04075501229087414
AST0431,Equity,0.25413276925879497,2088908.702502113,0.5452982586299757,1,29.313575612023083,0.1539770882588934
AST0432,Govt_Bond,0.06492612954604676,7375790.038974959,0.7694573502041306,5,497.5510126985033,0.03710493564459988
AST0433,Equity,0.03401970874194672,3777165.008717938,0.6388597246094211,2,42.86421437244448,0.01667672375888167
AST0434,Equity,0.141586280555254,17499039.051677838,0.4916329528005803,1,92.59712758231841,0.05788372642702668
AST0435,Govt_Bond,0.05111900208720214,8953117.700316055,0.6845881080535628,3,87.52463150241876,0.02443987823008628
AST0436,Govt_Bond,0.08614512090362482,10893187.700971356,0.5274369498847336,1,252.60622091222297,0.0363689422898979
AST0437,Equity,0.07143218039949296,5817879.734864258,0.6397462394656874,4,287.9866669647464,0.03907468770144841
AST0438,Equity,0.058495717120880794,2773964.3853644975,0.5874280414153836,3,142.76222458404303,0.03282215544680486
AST0439,Corp_Bond,0.08473038304031505,26813338.48920101,0.7062340977344361,1,398.5572608099448,0.032918179035679555
AST0440,Equity,0.16946632231553124,5863518.287473684,0.742954497863064,1,278.9924453213055,0.08961848389981364
AST0441,Corp_Bond,0.0784787151993726,5971854.026243072,0.49337496611609666,2,450.1089962505765,0.03737986301083565
AST0442,Govt_Bond,0.0718382279180957,6218533.2970011765,0.19067299420900247,3,28.54584418777885,0.03236243361414429
AST0443,Equity,0.08951396618323185,3668244.427735988,0.4781235172828401,5,451.12598175504905,0.053752075321974804
AST0444,Equity,0.20267063004764554,322215.76731716475,0.5544502882311573,5,378.5711269308871,0.1946150696783395
AST0445,Govt_Bond,0.07268381705135525,870836.0035858114,0.15332125959339699,5,263.1910776011327,0.048112418749566024
AST0446,Future,0.050728589458593064,1594464.4090980033,0.8513460093636829,5,452.391384578118,0.036475098877133884
AST0447,Govt_Bond,0.07019516533326824,1841834.7789713477,0.4239732020580891,2,327.50973978469995,0.03863092347602734
AST0448,Equity,0.12255385200113822,1234371.5210175347,0.3167020567248839,1,353.57736836322147,0.06974878453466933
AST0449,Govt_Bond,0.0640217776334282,5363651.154115084,0.2943532144977644,2,100.21576584668223,0.02860475407895354
AST0450,FX_Fwd,0.03905719474478432,875559.6819293208,0.6624972588576674,2,50.470162665176076,0.02434388917817003
AST0451,Corp_Bond,0.056683874825100684,2430754.258818879,0.7408905093589487,4,300.1186338750703,0.03559993243174899
AST0452,Govt_Bond,0.05495666321059027,17203621.089504197,0.6321791016701233,5,103.02131633920132,0.02610568868078314
AST0453,Future,0.10879918761475503,533251.0974892025,0.2975601624073524,1,205.2781836197316,0.06899988286760557
AST0454,Future,0.061151078720442474,4199491.44103248,0.48167232546011657,3,197.78452727455627,0.03137487803001326
AST0455,Corp_Bond,0.07119667334144933,24189112.24038144,0.6118500846265917,3,414.59459743480517,0.02965789639317335
AST0456,Future,0.10727404839567777,22886273.180638477,0.5153411964953214,2,392.5168472884935,0.0433807274078508
AST0457,Equity,0.2605832037544486,18112110.109667573,0.4770525550970331,4,426.17756358239114,0.1303093390701724
AST0458,Corp_Bond,0.1136153974626089,10083729.633760698,0.25949245283412725,1,84.04651024051857,0.04603390879159882
AST0459,Future,0.12022676773734471,9466929.508261234,0.6683989843880006,5,102.72133066694894,0.06828804647449267
AST0460,Equity,0.13357775521060775,5689293.710212771,0.5342173111325502,3,434.55124838210895,0.07193029101402054
AST0461,Corp_Bond,0.06826216361109701,443210.8249239755,0.8398633687569705,2,187.09106357943358,0.052550507065764356
AST0462,Corp_Bond,0.1079533351277266,560257.1931050033,0.33754075607497813,5,13.644290405005606,0.0839400754758672
AST0463,FX_Fwd,0.051329930968276614,4304152.00131543,0.6101809645506353,5,243.328782793096,0.029615171416074556
AST0464,FX_Fwd,0.10128155722943863,5354810.387346963,0.853264882549779,2,454.0295463842232,0.05603872738088591
AST0465,Equity,0.08536439004994029,975281.3311124806,0.5888154288472841,5,49.67075921971883,0.0643340498556439
AST0466,FX_Fwd,0.13868863830488073,10518924.418095894,0.9175249337593412,1,486.0710731950516,0.06939422908396498
AST0467,Equity,0.06703176636906354,338774.67788370425,0.30791798602045156,5,295.7886777347883,0.05311661472289086
AST0468,Govt_Bond,0.164303236015081,246584.7051434873,0.36819629891552086,5,405.0556596854359,0.15208194899956676
AST0469,Equity,0.09526000588367749,153964.6584139991,0.7002384349964665,3,387.96842949522323,0.08957403560603595
AST0470,Equity,0.14380377593576252,6525957.997939716,0.515604763395657,3,32.721896115815724,0.07599564322185821
AST0471,Govt_Bond,0.04819940343428189,8190134.468091052,0.5790617842950704,2,83.64636107657135,0.02139652168528578
AST0472,Equity,0.07242233665618532,5903829.1172439335,1.0,5,144.39384312074108,0.04636264864572626
AST0473,FX_Fwd,0.044860919896465665,847645.1829558571,0.7975909271902775,5,490.6320025952183,0.034469092843883914
AST0474,Equity,0.10097003853413511,9793962.562792163,0.6003563454772977,4,305.01749621942986,0.052259216390468946
AST0475,Corp_Bond,0.12863182115293914,14092137.085341789,0.5958397655314595,2,260.654493731726,0.05835978865679475
AST0476,Equity,0.13753436661671042,2386829.740608652,0.3691669687970467,5,21.904018722368804,0.08899538103272633
AST0477,Govt_Bond,0.12120603772278656,1052617.5346543335,0.25535624645134386,2,153.02322279914588,0.0728369974576808
AST0478,Corp_Bond,0.032183983901838194,2547935.820119054,0.8944848825321556,3,71.255319288064,0.018891967556117176
AST0479,Future,0.12084879888931968,1744041.0922977037,0.49151607264780167,3,310.76274975751386,0.07595084450193056
AST0480,Future,0.05667069689288743,437103.36360927665,0.5684641066777443,2,47.78519267510918,0.03955642517038283
AST0481,Corp_Bond,0.05074575469490751,6610375.357945142,0.6692579720102821,3,86.0237594493486,0.02525590928941771
AST0482,Govt_Bond,0.05802008722066701,12159630.732795915,0.7225363314487736,3,181.10855753001405,0.02713919404334227
AST0483,FX_Fwd,0.12030504358001208,10317687.256794767,0.6437811588269493,1,163.8223913776843,0.05482559127914119
AST0484,Govt_Bond,0.08238601543365098,1813349.2310925894,0.4806688115482624,1,296.729862411963,0.04468105849754129
AST0485,FX_Fwd,0.04906551351912067,2353361.513201142,0.15100662661394698,1,445.1319618093587,0.022009306993736162
AST0486,Equity,0.09235113658100189,3573795.819054066,0.682842981276315,2,38.11508266604939,0.051112778846526666
AST0487,Equity,0.0679438407907046,1399169.4908289458,0.6700875748693379,2,276.1342545960115,0.041815294237044345
AST0488,Corp_Bond,0.051182843861044804,18614109.759660434,0.4464364337851563,3,31.856548055485906,0.020416754376429033
AST0489,Future,0.1906087642290579,13949358.56210577,0.5321417979673143,5,383.1132182424855,0.10268241286534859
AST0490,Govt_Bond,0.0376535471267925,1852373.504592479,0.6035615236975962,1,148.94578468101994,0.019529697230397387
AST0491,Corp_Bond,0.04732161672216408,3489914.0929940413,0.5824516941947963,5,425.634623883192,0.02771533691532763
AST0492,Equity,0.2540625809996165,2040502.0944789606,0.6404632519786957,5,456.52007602181976,0.1941374367424222
AST0493,Govt_Bond,0.06815149662930371,2046269.1209531855,0.4866753945904152,1,177.5922180278227,0.035679432212181894
AST0494,Equity,0.04556521830657829,2591768.6543228733,0.6680170872768091,4,276.1436551180869,0.02713111592690164
AST0495,Corp_Bond,0.051084459884002065,29141501.496070232,0.6458837249961505,2,325.0904201678875,0.019237029971594145
AST0496,Govt_Bond,0.09762831620169664,70916390.04883355,0.6046259745117322,4,349.4857037580638,0.037469038952209724
AST0497,Corp_Bond,0.0880022068943083,3963650.5546506764,0.2721233013890453,4,291.5914278090321,0.04662926404791715
AST0498,Equity,0.06233069134087833,1780816.764798867,0.16928928777733843,5,157.2458721683648,0.03667126139314451
AST0499,Corp_Bond,0.20010286395085244,2775801.6009066277,0.4515770638896044,1,352.41103923585985,0.11029018828022796
