date,gc_sofr_spread,sec_lending_fee_index,xccy_basis_3m,cdx_cash_basis,is_labeled_anomaly
2024-06-03,4.939832304627334,9.716676902710903,-16.135270476402027,3.257131983829123,0
2024-06-04,4.9767095978518245,9.580030356837069,-15.199178346471465,3.588643142702969,0
2024-06-05,5.055246279759638,10.102712266218525,-13.97475443938924,3.326153242686353,0
2024-06-06,4.905201421201863,10.461631391389076,-15.221751509359377,3.1279274326279,0
2024-06-07,4.955061374800711,9.89144673466207,-15.376746894219904,3.0723292593460028,0
2024-06-10,4.907753827358944,10.625831208881879,-14.380594830609606,3.2425214542068685,0
2024-06-11,4.952401484264776,10.07517766647203,-16.417098747493124,2.540311580837166,0
2024-06-12,4.99248480929797,9.579603393172551,-15.426298908637069,3.6841209774665487,0
2024-06-13,5.075703394767435,10.012937548957057,-15.193401062567785,3.2479544771592757,0
2024-06-14,4.942144576544795,9.355288501806736,-15.390408567244787,2.223760854472724,0
2024-06-17,5.049896777589926,9.727504316085342,-14.963139973947152,2.524850578290934,0
2024-06-18,4.906986352818711,10.067946766885193,-14.092334951374394,3.1785535659689117,0
2024-06-19,5.015343543215143,10.091296102465206,-16.50544908052897,2.7423169467988404,0
2024-06-20,4.938512959355083,10.59755533783983,-13.420698174068425,3.409410133396351,0
2024-06-21,5.020433398911671,10.307357178245708,-15.684096707033422,3.468009314845732,0
2024-06-24,4.935510822604902,10.479301556357434,-12.936984869483563,2.3597921437777596,0
2024-06-25,4.9521330772196075,10.442429843981609,-15.04852396696208,3.032202420262255,0
2024-06-26,4.994511032735311,10.361947942736393,-14.8565638089756,2.2278235152551233,0
2024-06-27,4.960303743698636,10.570506967833362,-16.224270498259703,2.3133513884622015,0
2024-06-28,4.998824244452168,10.941116903097276,-14.12436073035621,3.5415833361650524,0
2024-07-01,4.958752488285233,10.76496510754018,-15.501400244644891,3.018613529655114,0
2024-07-02,5.018553234714,10.546883921858186,-14.83917405862696,3.0646104250688198,0
2024-07-03,5.011442029077371,9.94320030757773,-14.118316234101421,3.218743151599175,0
2024-07-04,5.029944643070994,10.216115915648178,-15.867324448607446,2.991456610135338,0
2024-07-05,4.996423962172231,10.109352499695145,-13.87402165052431,3.2091240915965376,0
2024-07-08,5.013866492101728,10.565610287619615,-13.816218622402133,3.4975926216954445,0
2024-07-09,5.020998063309757,10.39095587935513,-15.270193153136455,3.862373904997166,0
2024-07-10,5.05796622962467,10.242333500131897,-14.378354420635112,2.8573207827828977,0
2024-07-11,4.950768423082321,10.515323092897058,-13.736173829026507,3.1035125509560615,0
2024-07-12,4.97838215425825,10.557969195917359,-14.571075673299163,3.973583486790969,0
2024-07-15,5.030956924917745,9.795854171137535,-15.236317899740763,3.4680727682205523,0
2024-07-16,5.107094750829799,10.874375579464871,-14.615721357795275,2.54940395740034,0
2024-07-17,4.982630705494736,10.84693411735251,-14.101475002006392,2.9990221967676467,0
2024-07-18,4.9607881658579105,10.077569387516121,-14.250386066869043,3.1033044503217053,0
2024-07-19,5.002793092325502,10.80535426045523,-15.200264808885434,3.240973078319398,0
2024-07-22,4.972680732429521,10.60509706033518,-16.23988683614121,2.610262237168138,0
2024-07-23,5.0206145552823065,10.594623160046824,-15.336671695330804,3.450156439815692,0
2024-07-24,5.001732953021285,10.386335132894708,-15.31779309681812,3.0938221563623554,0
2024-07-25,4.9938677613612,10.336483464682917,-15.728422585498251,2.4770524835485435,0
2024-07-26,4.8825675266851505,10.186047140550995,-14.990052901574089,2.548128780525135,0
2024-07-29,5.003908167962561,10.386092900013123,-13.354906468799301,2.7795391638277094,0
2024-07-30,5.020790883508948,10.628230281284669,-15.078685098732155,2.570082587177735,0
2024-07-31,4.981274121570821,11.208810368858197,-16.241495343190415,2.58642339383829,0
2024-08-01,4.943385864429407,9.944374705000968,-15.196487400570986,3.2975217681061952,0
2024-08-02,5.104207711077172,10.548272516634398,-14.169788665008678,2.5900930809564002,0
2024-08-05,4.862255022160174,10.237371316550066,-14.90451626281832,2.97142963377259,0
2024-08-06,4.910672802662327,10.533491843334147,-16.437003571548743,3.539861901368025,0
2024-08-07,4.907320834023812,10.930213962301966,-15.229238286104072,2.1351757688622572,0
2024-08-08,4.982339542281305,9.562728766461486,-14.066427751875025,2.834740239953818,0
2024-08-09,5.043014209457763,10.265412198095559,-15.68450934820586,2.632122576200512,0
2024-08-12,5.000126144214684,9.824101961162855,-16.008065267654516,3.1688484937859376,0
2024-08-13,4.917440469967926,10.381497540703398,-15.785845273819351,2.9985140252054436,0
2024-08-14,5.023913770519522,10.310115399294732,-13.718856551148189,3.4560600236091745,0
2024-08-15,4.970859396679562,10.178378010911795,-13.08282878504256,2.612990318969083,0
2024-08-16,4.982539803076681,10.536158144017568,-14.85595370044956,3.331586264617619,0
2024-08-19,5.063459152725229,10.269926870450155,-13.712785151123185,3.4713049936661715,0
2024-08-20,4.9357800580072,10.362244518291714,-14.61114504711104,3.3420165229388985,0
2024-08-21,4.957886640372983,9.460810233189138,-16.378909013661616,2.686664928975697,0
2024-08-22,5.00668632797842,10.290224712108737,-16.657418788638235,3.7954803054575734,0
2024-08-23,4.912833060694489,10.648289814812602,-15.670189748440796,3.041952935582324,0
2024-08-26,4.853978769793787,9.778105241836172,-13.778273343253037,2.828950487102951,0
2024-08-27,4.936894457884831,9.753476164188122,-15.018468842786122,2.9622935340143193,0
2024-08-28,4.9849031046537045,10.121070150773528,-14.272288276525645,3.2572709528788897,0
2024-08-29,5.025074375994737,9.765289350210587,-15.55603719349406,2.7047500601049954,0
2024-08-30,5.051555343218771,9.767124818049153,-13.346595944528712,3.470668547093779,0
2024-09-02,5.009095877531927,9.846380807884405,-15.233354407344859,3.647713119318258,0
2024-09-03,4.985974206214168,10.030693678127989,-15.52091326975445,3.3057907951442123,0
2024-09-04,5.00297780164571,10.318996874879133,-15.16643225851136,2.198979024597157,0
2024-09-05,5.053883586541401,9.77288374129475,-15.198028326235054,2.9005635318694374,0
2024-09-06,4.982948126898546,9.649337643294814,-16.58373462587493,3.162725778275597,0
2024-09-09,5.03243059568547,9.678998330099521,-16.568223664076154,2.608072838565906,0
2024-09-10,5.057014642671628,9.594111259676723,-15.06288621254174,1.882816297519721,0
2024-09-11,4.9959856539698375,9.849552048580923,-15.82339152864506,3.0273366957656735,0
2024-09-12,4.966812461106686,9.729135025236706,-16.248180700714787,3.026882260857352,0
2024-09-13,4.987921631681968,9.442092465816533,-15.370317038552042,2.5721603993504423,0
2024-09-16,4.978545240854157,10.185047054809372,-14.381468520603331,2.9156122831878806,0
2024-09-17,4.965151868945984,9.492874646466356,-14.940705885715765,2.7929433061832842,0
2024-09-18,4.974753386376518,9.40466338632375,-14.58182060696569,3.2811087052487458,0
2024-09-19,4.981606065350046,9.989481341242579,-15.251286833358838,2.98186653160807,0
2024-09-20,5.020258473943705,9.47325784144833,-13.906915178548777,2.782914484945269,0
2024-09-23,4.992438057368991,9.785796206305205,-13.155969523494658,2.3964089214985007,0
2024-09-24,4.949146163625293,9.299965406041728,-14.904466435964405,3.053865400152474,0
2024-09-25,4.905219210784403,9.40054942259029,-14.911386856182684,2.622022774612451,0
2024-09-26,4.921750219756776,9.474385614781244,-15.35227545802974,2.9124335019296255,0
2024-09-27,5.000926582727904,8.97026684864031,-15.84158655459302,2.1839126806433375,0
2024-09-30,5.068066366582945,9.25128198343842,-15.134945544721385,2.022304272386767,0
2024-10-01,5.014680535224705,9.217683511449012,-15.27740663775348,2.716993650259683,0
2024-10-02,5.001183524898185,9.062119777898383,-15.638590611480735,2.906047482085599,0
2024-10-03,5.0361885013257774,8.796646502007576,-14.81078856687551,2.476906093776913,0
2024-10-04,4.960027356085874,9.910233319285304,-16.015837128956836,2.0514901769678864,0
2024-10-07,5.059218761589224,9.81460041059907,-12.53113816732233,3.470339174734574,0
2024-10-08,4.996342140663103,9.669560161719165,-15.722586942676042,2.9147973599795085,0
2024-10-09,4.962437485807883,9.339078065674824,-17.56260847912883,2.382984638668203,0
2024-10-10,5.037539359300004,9.5375253240869,-15.80447960563351,3.1518663830166775,0
2024-10-11,4.993715324893967,9.355342668485356,-14.91597880478742,2.9251516601732095,0
2024-10-14,4.981164253016803,9.473929840601064,-15.017911015984506,3.5633843013057023,0
2024-10-15,4.923244414014533,9.74322390263892,-15.036934888338605,3.8229157198051915,0
2024-10-16,5.005321068133363,9.560509403953791,-15.16843684422355,3.4284491589582413,0
2024-10-17,4.995220744312452,9.601684496578274,-16.609022864540727,3.4089808773332524,0
2024-10-18,4.954048510732409,9.602023604727114,-15.226097659400269,3.3183212582352164,0
2024-10-21,4.999825675023872,9.329449414624161,-16.300329809513737,2.5117649638837602,0
2024-10-22,4.947957338007372,9.500437449454388,-14.175554868531485,2.892190699602459,0
2024-10-23,4.961428693457414,9.705700443302474,-13.6096692994342,4.0293080693929095,0
2024-10-24,4.958366407652005,9.28331781394935,-15.363047048061077,4.1532064426973765,0
2024-10-25,4.992164989637071,9.542442596290138,-13.929090707720858,2.314933683570852,0
2024-10-28,5.003181079439584,9.594098740925208,-16.367125096623848,2.6781998218840837,0
2024-10-29,5.033924861183909,9.531415458382165,-15.02958461741725,3.5636859628573294,0
2024-10-30,5.042587850228058,9.633325674100147,-14.295242911211185,3.3223074002530772,0
2024-10-31,4.985262702091022,10.144888264603596,-14.541030001210448,2.8333265357069974,0
2024-11-01,4.964028836673166,9.579312115499787,-15.98907528745065,2.494519430632227,0
2024-11-04,4.997803883106176,10.226377872181803,-13.764018467100431,3.1629657532267528,0
2024-11-05,4.942120412819013,9.702429133472695,-14.962179326702369,1.7886539061786906,0
2024-11-06,4.936098034993363,9.785039013420787,-14.058702832452957,2.7418387744949726,0
2024-11-07,4.937544845844821,9.922580191034825,-15.869256385355648,3.490795802806119,0
2024-11-08,4.951572281318737,9.76093252696001,-15.178459563756325,3.391628908423689,0
2024-11-11,4.948946585952176,9.344275383974542,-15.461608275331379,3.0641574085743812,0
2024-11-12,4.8752182443616245,9.894624232606011,-17.17070769788752,3.602658778195831,0
2024-11-13,5.02455734056464,10.451733468685742,-13.377664281519229,2.64644889795772,0
2024-11-14,4.978626561705057,10.257174456274589,-15.038055399899516,2.451154766056972,0
2024-11-15,5.025666273998609,9.691787907205574,-13.87301275071991,2.2021528686978638,0
2024-11-18,4.994836749562335,10.066995521363753,-15.084805774539399,3.8710585099768546,0
2024-11-19,5.043683064342842,9.969756981703716,-14.593311292873908,2.939318166918584,0
2024-11-20,4.9527237769413155,9.709174807442846,-15.641806922338919,3.782098018148774,0
2024-11-21,5.006298817403383,9.96553408794964,-14.103947588385708,2.4374207832263726,0
2024-11-22,5.074446304988796,10.053856030872835,-13.968049675642485,2.4354143084933106,0
2024-11-25,4.9861294682109145,9.739772271327134,-14.671066734712856,2.958528627242132,0
2024-11-26,5.024745480855981,10.184557594880703,-14.712316458986038,2.457062501147437,0
2024-11-27,4.957522514922715,9.773150149522039,-14.853164493460113,3.179046732164813,0
2024-11-28,4.982219015801606,10.373970152012664,-14.966632062916519,2.752103727839079,0
2024-11-29,4.993135399856272,9.868089125592672,-16.370859602743245,2.8700983065390595,0
2024-12-02,4.984899860186278,10.095914094291738,-15.000078204119564,1.7270616709686668,0
2024-12-03,5.045758267742848,10.296403897621719,-14.504597929112707,4.3199809588353,0
2024-12-04,5.0136283834045345,10.075148394754615,-13.968148237251285,3.3074075461249772,0
2024-12-05,5.059775196374616,10.582509954164873,-14.706925403832091,2.692746458477431,0
2024-12-06,5.054792186551949,10.639264356734895,-14.523554613492703,3.4904342210251618,0
2024-12-09,5.003737081570005,10.389373411537436,-17.152824958865295,3.602140677625354,0
2024-12-10,5.037240109774293,10.120718252873436,-14.646050871450958,3.0592869644229377,0
2024-12-11,4.922383176128832,10.871463735072396,-14.08859671783297,4.3259854025285565,0
2024-12-12,5.022273134704437,10.273218797278902,-15.626093515096693,2.4946368722770402,0
2024-12-13,5.021015936888432,10.052656355337744,-15.67170618503925,2.887808105379849,0
2024-12-16,5.057476789157066,10.387304855760858,-14.299505102878339,3.418479670228848,0
2024-12-17,5.049509974214726,10.908455826358352,-15.004495804880893,3.8053496142919694,0
2024-12-18,5.001838606812481,9.879379737567662,-16.566137833312073,2.81189472726015,0
2024-12-19,5.011506335868417,10.720731607407734,-16.348009006716005,2.6963632335749996,0
2024-12-20,4.968366005802218,10.510036802587088,-15.178653255398796,3.203717581451773,0
2024-12-23,5.0174371228108425,10.286354312519688,-15.339829358832654,2.7273680886431784,0
2024-12-24,5.0095507663036125,10.305836417444782,-14.199355306690842,2.364960104564724,0
2024-12-25,4.948149315527845,10.497442521301334,-14.798457726909222,2.5900048742961514,0
2024-12-26,5.049377858870465,10.664184192622438,-15.887052770887045,3.2426435012508943,0
2024-12-27,4.97530447956701,10.269891969316829,-14.032967515716487,2.603908912224604,0
2024-12-30,5.5195815974863995,18.334260943339885,-26.64087043827914,6.544522227794902,1
2024-12-31,5.4574180953182365,18.668545274592503,-27.87367845284695,7.38034691616414,1
2025-01-01,4.990565051584052,9.658139276970246,-17.156244015917085,3.511480519263724,0
2025-01-02,4.9788777401143856,10.53730046213359,-15.7143280844172,3.4816914735019378,0
2025-01-03,4.927608743891139,10.607655468157791,-16.124833489670134,3.580640429247878,0
2025-01-06,4.958434354533806,10.48793817450176,-14.764779226758973,2.659964057386817,0
2025-01-07,4.991088889216273,10.592073804368448,-16.057630645119573,3.438779055595233,0
2025-01-08,5.026300307535113,11.0635533930865,-16.202334608842005,3.3244277960819013,0
2025-01-09,4.939870541994622,10.687675922819357,-16.588381081460433,3.383961466772096,0
2025-01-10,4.962380037009552,10.704835011137066,-16.35344304549628,2.953605563817891,0
2025-01-13,5.024524902795492,10.113469766942725,-15.489008558208683,3.3443440996376363,0
2025-01-14,5.043689396972889,10.726924215181787,-15.479955195103804,3.619884125306344,0
2025-01-15,4.947911114132628,10.494190392657881,-13.329665379305997,3.2618464195269725,0
2025-01-16,5.01363148628313,11.038495303427112,-14.615605906809957,3.0398075993002203,0
2025-01-17,5.011314488420189,10.87591446814938,-14.184342346510899,3.1649528859640204,0
2025-01-20,4.971336732570687,10.592622137145158,-15.69621758644016,3.345139936046486,0
2025-01-21,5.04065755693868,10.601796234440823,-14.044782883796161,3.923240171173611,0
2025-01-22,4.977370779567876,10.591555331276828,-14.216473235314357,2.3975761373282527,0
2025-01-23,4.991161321192271,10.590001648868395,-16.596257242937245,3.7344029088167083,0
2025-01-24,4.964052526368821,9.865392518949964,-14.695920046596672,2.3633844825560613,0
2025-01-27,5.050220201934564,9.858340318086018,-14.04550399711744,2.867778969571216,0
2025-01-28,5.021363416219537,10.235803240566185,-14.087689126336485,2.5540117321169875,0
2025-01-29,4.913407419791441,10.548417353337056,-12.664242586502947,3.342022496222235,0
2025-01-30,5.011062580957127,10.549434726662936,-13.052128823400427,4.083127836585657,0
2025-01-31,4.989970348724694,9.93312244850394,-14.804477063042878,2.8632979962940843,0
2025-02-03,4.991741095477217,9.89919843650408,-16.599710278291507,3.1378902178055195,0
2025-02-04,5.040165585444379,9.955551476280895,-13.436581948912613,3.446935290894439,0
2025-02-05,4.917119736390993,10.038944293787688,-15.472254619467513,2.8607443944411206,0
2025-02-06,5.054402501860005,10.540888900720699,-16.09030352456745,3.1569240266030616,0
2025-02-07,4.936133197559426,10.146397234177858,-15.235618137747814,2.8503389094002647,0
2025-02-10,4.9861879569323255,9.759160710365817,-16.590318089374954,3.42236451941332,0
2025-02-11,4.918646662986107,10.142804569124912,-14.834821322844075,2.9691936810645045,0
2025-02-12,5.098165119305943,10.104643774797575,-14.160785422077145,2.7910028620219154,0
2025-02-13,5.016112176419987,9.91066482672959,-17.303436520806947,2.801281329099821,0
2025-02-14,4.898852000800409,9.675633048358403,-15.409786051338362,2.4986575990244133,0
2025-02-17,5.01194912149398,9.847638814795847,-14.526144655956111,2.514027460865209,0
2025-02-18,5.005498581708945,9.881655377400195,-15.987257681189991,2.6912768461391714,0
2025-02-19,4.980338820554546,9.841137723458983,-14.777570175338465,3.178603135646349,0
2025-02-20,4.969360864629181,9.974386836608343,-15.613843503309331,3.2854311825094946,0
2025-02-21,4.926085781466414,10.462804387029882,-13.89056952879824,2.3230954922111584,0
2025-02-24,4.986403650271678,9.870119333399355,-15.126691722650667,2.5844413863801083,0
2025-02-25,5.021016602461416,10.038717336935576,-16.411219148412624,2.4201281001667265,0
2025-02-26,4.947356872489679,9.65898598860447,-15.490666557362081,3.063274229092442,0
2025-02-27,5.060109099183544,9.696636562320377,-14.381003289012142,2.3687068654686203,0
2025-02-28,5.0253668698824185,9.769127405261802,-15.37694656259521,3.540484103582521,0
2025-03-03,5.035126126011839,9.940590085257565,-15.641535082605092,2.7837648219944624,0
2025-03-04,4.971793376307563,9.881066078418952,-16.35363487037578,3.274268259902203,0
2025-03-05,4.957352450204073,9.802608822497554,-13.814351089812451,3.4123638672844123,0
2025-03-06,5.076716673143521,9.893668482773528,-15.327816061150152,3.058108394270289,0
2025-03-07,5.096801568666938,9.395238026830077,-14.082285192092007,1.9897019326640168,0
2025-03-10,4.940898242546923,9.64813996061239,-15.527835427927295,3.2626809488594564,0
2025-03-11,4.989657402680957,9.61911502874111,-15.299175721144438,2.9107623316067595,0
2025-03-12,5.003589404261809,9.888497823458561,-16.0945409839232,2.822280520445951,0
2025-03-13,5.045026960787374,10.035218065778968,-15.94029734256587,3.332345154101464,0
2025-03-14,5.092661393544283,9.350091849774472,-15.65679681030332,3.7922760709423944,0
2025-03-17,4.936628600114961,9.37325139627648,-13.978623298984962,3.0313943097650644,0
2025-03-18,4.975390466700371,9.9818218400443,-15.132943460945928,3.026984406037575,0
2025-03-19,4.967183799559581,9.955575182613915,-15.562499918412655,2.2546413619414136,0
2025-03-20,5.02311060681139,9.385055966166194,-16.5289070453417,2.8546255061224795,0
2025-03-21,5.0017469741257425,9.57605672011785,-13.916079518992248,3.7655870975079067,0
2025-03-24,4.968258523739545,9.656654019354189,-15.03078881712915,2.637231608752958,0
2025-03-25,5.0291292647780885,9.855369857353699,-13.39613749246336,4.142641873454459,0
2025-03-26,4.9869683383122885,10.010190449662831,-14.162824876449939,3.236999889878401,0
2025-03-27,4.968342538538644,9.663434983193923,-14.34646295056582,2.808604919550097,0
2025-03-28,4.952848851585679,9.500463935463333,-13.841795032803278,2.7319638407565914,0
2025-03-31,5.0401223034417155,9.250119433228216,-15.78099423152745,3.304628864523845,0
2025-04-01,5.020578202506209,9.376167726310877,-12.23782294237131,2.360951321678624,0
2025-04-02,5.038094147554372,9.272811326586767,-14.705840032261154,3.1762183449567067,0
2025-04-03,5.020673355715817,8.945889465025155,-14.585685273348826,3.9598973708767886,0
2025-04-04,5.030920529718329,9.461725416485583,-15.707012453872183,3.4050845393557108,0
2025-04-07,5.019286910476313,10.02356310940311,-15.063075320628874,2.4963893127371026,0
2025-04-08,4.972182082285349,9.495852533917708,-14.916953607005736,3.7144393011434227,0
2025-04-09,5.030874002149659,9.353019114462995,-14.197014986422058,2.7883585857916575,0
2025-04-10,4.972608483770986,9.477045311827139,-14.606446687463503,3.4839687058501028,0
2025-04-11,5.048892279731526,9.600020216972437,-14.803681823666313,2.8376136990563547,0
2025-04-14,4.898366767164773,9.604261196449594,-16.4006997562314,2.3925829896794237,0
2025-04-15,5.011627612554154,9.654999375866726,-14.010028469359751,3.4400304983701524,0
2025-04-16,5.038688254448771,9.84074822222833,-16.29109091400869,2.9663511374624525,0
2025-04-17,5.0189392009015314,9.553013723085295,-13.873688660052146,2.7926523117170206,0
2025-04-18,4.975583918664204,9.409315117053824,-14.838264697565045,2.837199842158667,0
2025-04-21,4.976511427282863,9.759475863572245,-14.046788406024785,3.95977341679441,0
2025-04-22,4.981202435633183,8.746759739985,-14.184560638638589,2.6695488812538377,0
2025-04-23,4.962621733211715,9.39249800898498,-16.952513634035117,3.1583309433959577,0
2025-04-24,4.9980865423239065,9.679241335739185,-17.130771203229635,2.8249549108839282,0
2025-04-25,5.075919728336318,9.42764907332949,-16.587673064244868,3.7454936893495305,0
2025-04-28,4.981743078122988,9.599662668494132,-17.122580540461986,1.9674906108818893,0
2025-04-29,5.067961987685174,10.005892559020884,-15.566737394266173,2.9192522510936882,0
2025-04-30,4.978219915851679,9.449986807849145,-14.636592978176582,3.8505284428398756,0
2025-05-01,4.981704349958219,10.131840513099911,-15.541409099959303,3.1445069224188895,0
2025-05-02,5.026497277537201,9.68866411314439,-13.86618317369996,2.9814258367397737,0
2025-05-05,5.073464208574559,9.889589004650036,-15.423732466989899,2.6699180067508284,0
2025-05-06,5.0834025990452645,9.541735284047624,-14.737609490930295,3.027351782263364,0
2025-05-07,4.978695876743031,9.547334610996877,-13.69215936439853,3.3011524632577984,0
2025-05-08,5.008242863567754,9.5532513355896,-16.174614417307513,2.7391250497543647,0
2025-05-09,4.987965240949274,9.73321147073105,-13.937298181956903,3.314629059838296,0
2025-05-12,4.989839985431216,9.720196673964582,-14.658891009985531,2.784794141030805,0
2025-05-13,4.9715908153248245,10.382490616095936,-15.744522561274769,3.7412818013467186,0
2025-05-14,4.940045160716688,10.2241753473781,-15.249006182233297,3.5295901639879466,0
2025-05-15,5.127113291129068,9.674372722531558,-16.08500567129189,2.3712581623544837,0
2025-05-16,4.951215254629777,9.946263447297806,-13.819167550296276,3.072543798549098,0
2025-05-19,4.989529968385757,9.820431027961936,-15.354557814824899,2.5261706394827135,0
2025-05-20,4.9930461633831555,9.71400276396119,-15.247066328030735,2.44836368919746,0
2025-05-21,5.041808943194063,10.265543169352574,-15.35670109333423,4.180581628184211,0
2025-05-22,5.054689002072295,9.927128599826649,-16.4651454432621,3.2259509097223353,0
2025-05-23,5.0149359856876385,10.266444347126304,-15.053675705777367,3.4388578195981934,0
2025-05-26,4.979294583804414,9.85745290151603,-16.42245356472764,2.3798492373611713,0
2025-05-27,5.060282949933524,9.909808959099163,-14.227228513597854,2.8004250399574864,0
2025-05-28,4.99803436406601,10.003280804320424,-15.220295388871495,3.456206225382615,0
2025-05-29,4.9262077790076235,10.298811717844917,-14.94172835240314,2.573669860236205,0
2025-05-30,4.8897122297679845,10.587745585288019,-16.259751278372768,3.0967745951604484,0
2025-06-02,4.973724810967534,9.667413526370304,-13.913105335566925,2.288537093194546,0
2025-06-03,5.020942731830343,10.42434506928779,-13.55738141095587,3.5998177076300824,0
2025-06-04,4.952697131744785,10.36052057875012,-14.794772144302682,3.251942107716232,0
2025-06-05,4.966120936183559,10.472073066818751,-15.79548350568007,2.9252933189745303,0
2025-06-06,4.951371767381315,10.888323099490139,-14.537606924031728,3.205685196681514,0
2025-06-09,5.0251524084186805,10.249010195692906,-16.09266372022028,3.637655907581257,0
2025-06-10,5.033491645725143,10.964267275798727,-14.340624356023861,3.691982989571441,0
2025-06-11,5.0239888925533585,10.556628047547868,-14.578529854958562,2.8294976214233962,0
2025-06-12,5.073302386968585,9.838665564446178,-16.289777483399533,3.6757143546120545,0
2025-06-13,5.042462944162923,10.425977082115024,-14.175412798267677,3.3335059245714853,0
2025-06-16,4.942534278851158,10.432052589747212,-14.583136961112487,3.0487362905922137,0
2025-06-17,4.910673535167092,10.516568450429693,-14.38136634006201,3.9210051558179266,0
2025-06-18,4.930139631742216,10.675768052060137,-14.330769853675925,2.773642944198647,0
2025-06-19,5.03153948819581,10.26247597293421,-13.786552332262728,3.639029518852793,0
2025-06-20,5.0774680280077575,10.0349020552852,-14.091595215952498,3.6269173251395617,0
2025-06-23,5.0099728861849755,10.467885714532187,-15.543430196069872,2.49445659895464,0
2025-06-24,5.013434663446969,10.336744594004685,-13.91363247779569,2.868424757980826,0
2025-06-25,4.998137613756198,10.837458581914191,-15.944104339479562,3.422521737468842,0
2025-06-26,4.992165147587326,10.321857035716796,-16.39851675138995,3.0532535800415697,0
2025-06-27,4.924686880389134,10.530737791548688,-14.997015536558443,3.038101525183462,0
2025-06-30,5.001353129976377,10.731877558845108,-14.888125749345562,2.858237385524374,0
2025-07-01,4.956289836239788,10.588650608103684,-14.120830097346534,2.2992029705361583,0
2025-07-02,4.950749642522587,10.753035837976382,-14.944276961362652,3.325370998311406,0
2025-07-03,4.92790496639036,10.307344673021168,-15.681964482261227,2.5405212469968297,0
2025-07-04,5.0528703866180305,10.312458342069345,-14.8288127852308,3.818136551084632,0
2025-07-07,5.111457289542709,10.60168633696591,-14.310039977451112,2.868865148880305,0
2025-07-08,4.99152069217253,10.272810726019186,-16.841248424234536,2.0054402043032975,0
2025-07-09,5.066766684690815,10.558653340971768,-15.023203272046613,3.408164885133518,0
2025-07-10,5.0613017560409554,10.347637604267458,-15.14591061919505,2.313038572206413,0
2025-07-11,4.990322038340537,10.779148933518087,-15.06414082000052,2.6513734298849547,0
2025-07-14,5.079386766403375,10.57114927536268,-14.355731285167273,3.0262907587284156,0
2025-07-15,5.049100511219124,10.306955243124873,-14.487377178647911,2.4687810215069623,0
2025-07-16,4.99236926090413,10.524790592190971,-15.384953685169544,2.8143547289614945,0
2025-07-17,5.050317884780377,10.266504571653133,-14.403156181672136,2.8122824856347037,0
2025-07-18,4.98483288105934,10.275092414284622,-15.247192912689938,2.9359930590848915,0
2025-07-21,5.054085579172418,9.882166471745606,-15.21133316211032,3.1504505663051843,0
2025-07-22,4.931067963897362,9.94996292357863,-15.051270644160185,2.639361554041305,0
2025-07-23,4.934989290776346,10.22574569398018,-15.459846898943011,3.6190789559403345,0
2025-07-24,4.991224074873697,10.571939493173888,-15.033074176543684,2.890753338472073,0
2025-07-25,5.000512797230679,10.116120393538283,-15.108649733681181,3.2761795852349156,0
2025-07-28,5.542737429631971,18.347141671936328,-27.35304215214814,6.899163755180126,1
2025-07-29,5.502926580967776,18.49674114589447,-27.467421327957105,6.74711356584498,1
2025-07-30,5.472637055712818,18.129984073549167,-27.059583174555584,7.515027788782659,1
2025-07-31,4.939687238955659,10.61136882123074,-15.182993830517663,2.745026332377739,0
2025-08-01,4.954214429787615,10.14636355148763,-15.460169275309621,3.0800006705466636,0
2025-08-04,4.997655814427113,10.352049104369469,-15.337251646505143,3.5974627520477562,0
2025-08-05,5.019087427467246,9.843289318263977,-15.682950472688661,3.1832878704304868,0
2025-08-06,5.033947729890033,10.072936903536503,-16.575696890742247,4.018003763330408,0
2025-08-07,5.020554339015151,9.678330157082485,-14.61569478717605,3.083265170859784,0
2025-08-08,5.041489224492639,11.001848717606224,-14.268607662127259,2.700791968159087,0
2025-08-11,4.965609448612868,11.002329254540648,-16.306580125743693,3.075047002312837,0
2025-08-12,5.09323842000552,9.872911075985934,-15.393932542145809,2.971449896813838,0
2025-08-13,4.998725534218241,10.00688405853229,-15.433357121817433,2.6807918725380477,0
2025-08-14,4.942037980700466,9.909901050175119,-15.381189573215554,2.6652942289246475,0
2025-08-15,5.031159948376296,10.240989867351468,-14.078600334508655,3.619083814031845,0
2025-08-18,5.009351825909243,10.121949062376103,-15.910351448340668,3.093388173672081,0
2025-08-19,4.902038706416895,10.238797828086556,-14.72390848494399,3.659901579747282,0
2025-08-20,4.88627026157448,10.527771361672961,-14.26458837037801,2.28298181129601,0
2025-08-21,5.025925596721469,9.989187345051617,-16.268789696131833,1.2777463772216653,0
2025-08-22,4.993903844483094,9.440514250398165,-14.69713992556938,3.1773853049802807,0
2025-08-25,4.957701664222503,9.678649701657049,-14.895570625736264,2.2643284382413027,0
2025-08-26,4.969614784286114,9.752902027055246,-14.70951016231102,3.769845415457377,0
2025-08-27,5.010371447858643,9.928240197960186,-13.903451666977125,2.771916378131389,0
2025-08-28,4.968976056699993,9.833123560553291,-15.933914860863057,3.4084934071547175,0
2025-08-29,5.070004473881271,9.560827792747908,-16.70830583613247,2.9619062384737784,0
2025-09-01,4.960276707880437,9.200129744525388,-15.79965817253473,3.53146786924139,0
2025-09-02,5.128935038656963,9.178031723590573,-14.708940515680778,2.684298632717888,0
2025-09-03,5.019239678486076,9.68520485563501,-13.703155040443598,2.6763745972340147,0
2025-09-04,4.9690375708778705,9.617749866251648,-14.818412184809457,1.7321759829972145,0
2025-09-05,4.939223262892476,9.63732548083437,-15.245757341767385,2.90062618127404,0
2025-09-08,4.923637769246928,10.138956663527882,-14.747388168065505,3.45843912753028,0
2025-09-09,5.154848451633762,9.709362336690313,-14.769686799264553,2.6377044180494034,0
2025-09-10,5.07065387631571,9.418644414285545,-15.424115089367442,4.006344811237664,0
2025-09-11,4.963607402474025,9.146035287038474,-13.900187102371305,2.8543433686413335,0
2025-09-12,4.990622663690135,9.720346952813891,-15.440454016087715,3.7248177795417896,0
2025-09-15,4.928297888566514,9.732855072656108,-15.142113207464655,3.378247907128962,0
2025-09-16,4.859801924046971,10.038257656621989,-13.483918250282915,3.369008120503428,0
2025-09-17,5.025261332487119,9.674897200044075,-14.874651403033338,2.7136182599761915,0
2025-09-18,5.009066884710493,9.402106066667823,-14.134914011979669,3.399814308246819,0
2025-09-19,4.989369151495666,9.582961865304686,-14.618486322512453,2.9044277662695084,0
2025-09-22,5.035102914640116,9.782922342866167,-16.182625168305975,3.8526116529383994,0
2025-09-23,5.041735129173807,9.020167889056383,-13.060744798046903,3.6985269818367095,0
2025-09-24,5.053579710240504,9.523188838601182,-15.138571875807374,3.0754135904916,0
2025-09-25,4.936082157405551,9.47772152819381,-15.592866060404033,2.1569842791766316,0
2025-09-26,5.035352504264441,9.092465407459727,-14.424922230495651,2.428356389117293,0
2025-09-29,5.0069687978343715,10.043960184140598,-14.54217350601013,2.988342489658333,0
2025-09-30,4.963090895402471,9.24785012485051,-15.044505907809123,3.0978077445674606,0
2025-10-01,4.916881751293122,9.41858040675112,-12.909544273466093,3.1425189660842134,0
2025-10-02,5.011292744598074,9.354937181953302,-14.107608553863058,2.552981140447126,0
2025-10-03,5.020561528926867,9.753288900099315,-13.302292591633819,3.8514363681144195,0
2025-10-06,4.952092129200299,8.921576504417075,-15.216301378500729,2.168657810797783,0
2025-10-07,4.958417604289676,9.755308286582107,-15.165259061576949,3.52008212792559,0
2025-10-08,4.996240917105544,9.39164913879473,-14.927719112559473,3.1710458857135086,0
2025-10-09,4.9900951383448335,9.15015761785228,-13.936913695376274,3.6259076258077396,0
2025-10-10,4.964422634812828,9.259315666816052,-13.051533310839513,2.9909625184793707,0
2025-10-13,4.921220925970296,9.706494149732855,-17.057037658210632,3.4939777069238556,0
2025-10-14,5.115334803021448,9.728070754060584,-14.659030730081877,2.5499785949528584,0
2025-10-15,4.8879737271963934,9.484885893357616,-14.472598605585524,3.2800189536847393,0
2025-10-16,4.901487661020138,10.067753335117008,-14.223128938463512,2.795418231540214,0
2025-10-17,5.0352899124258474,9.775715921312415,-14.586598167961116,3.3985342627528237,0
2025-10-20,4.991815934140791,9.483644525135775,-13.805040478017117,3.1665325208708537,0
2025-10-21,4.9844947411140375,9.398001748864903,-14.940182427425759,2.345769863127355,0
2025-10-22,5.014863615029169,9.3770217642302,-13.949487352370012,2.0621687649503713,0
2025-10-23,5.0658762880253505,9.85537447610747,-14.368456957590105,2.7687392350515907,0
2025-10-24,4.99661440305215,10.249362079541122,-15.08787646929869,3.1144653507710114,0
2025-10-27,5.0070623389682964,9.495535773262262,-15.954310759774064,2.8507971602638635,0
2025-10-28,4.992111392603188,9.227982012345711,-15.092560645331908,2.8245199282907723,0
2025-10-29,4.940503714602497,9.77499692925992,-14.389667582120973,3.5791096569445537,0
2025-10-30,4.966279359258646,9.477843786937571,-13.872358523810014,3.257126434814998,0
2025-10-31,4.934652418404053,10.193364394335271,-14.504286652996921,3.482784729245393,0
2025-11-03,5.015334689935151,10.060035261617836,-16.124573909720112,2.92239266985211,0
2025-11-04,4.9554494551856765,10.172245714190652,-16.53067948144916,2.4220641327465495,0
2025-11-05,5.009021030722065,9.789227877464542,-15.512104444137567,4.054002561660487,0
2025-11-06,4.964752552064216,9.53300872569158,-15.13277126567633,3.1347910252221096,0
2025-11-07,5.132968944872983,9.891686267929964,-15.234610369145267,4.000236756400762,0
2025-11-10,5.0431786697478,10.13570893492595,-15.06297886522841,2.873580282936068,0
2025-11-11,5.0263644144849655,10.133443337256525,-15.122015002124677,3.101555625767367,0
2025-11-12,5.110398260101686,10.178837296551812,-15.860819464159897,3.6787996536842256,0
2025-11-13,4.9975427607278995,10.130197233504958,-13.660887447901029,3.2663576780336987,0
2025-11-14,4.998560206745267,10.22039496691189,-14.683552620952602,3.6551008916081056,0
2025-11-17,5.002453596271431,10.100629402466549,-14.099507756706489,2.836078179266299,0
2025-11-18,5.097023739076658,10.200589342277103,-16.131383209527453,3.6040378648812776,0
2025-11-19,5.008535508021606,10.441682636028565,-14.587983140813758,2.415572433621617,0
2025-11-20,4.972513680118159,10.29079874383465,-14.257016814167239,3.2668894031820788,0
2025-11-21,5.071629083439598,10.891570396865502,-16.671244650594375,2.4563592290524205,0
2025-11-24,5.038734324069291,10.501289258413532,-13.616090881325384,3.698733460418294,0
2025-11-25,4.9759816380737325,10.06854029275006,-15.89481562241141,2.317472808508722,0
2025-11-26,5.0187691438277415,10.288774470725619,-15.830239357451099,3.421634793588091,0
2025-11-27,5.048698052224032,10.25047927663008,-16.49018132872089,3.0922405418802317,0
2025-11-28,4.93790979465707,10.656598908436115,-14.3716325615205,2.8008660734494817,0
2025-12-01,4.942796798155037,10.395963597108505,-16.755131162894006,2.80722392455184,0
2025-12-02,4.999219182721859,10.19072957247968,-13.934807475189798,2.9908406686509257,0
2025-12-03,5.0933516155681,10.153742072730191,-13.368748644495373,2.4699049211821995,0
2025-12-04,5.115304409405049,10.108138022884061,-13.430779414341236,3.3694760438951548,0
2025-12-05,5.039138363359692,10.535216144272438,-15.062662753310986,3.0008488189395055,0
2025-12-08,4.925245470823447,10.720810816723306,-15.903661444799113,3.2451452288274787,0
2025-12-09,5.042685202991538,10.506732716673366,-16.185565895448956,3.1160504017654223,0
2025-12-10,5.021188730773474,10.42414695550096,-15.439325822618493,3.0961677381315114,0
2025-12-11,4.956259181435473,10.891350971650953,-14.248693222505299,2.936647369289747,0
2025-12-12,5.089872195069892,10.090227283697905,-14.398798597165534,2.3712002397263268,0
2025-12-15,4.98219411905918,11.26648610346611,-14.31506195147853,3.4361160799054122,0
2025-12-16,4.970749611187397,10.22905370019013,-15.368704254132592,3.522673405897203,0
2025-12-17,5.025383568079336,10.580886147618372,-15.975500676670672,4.496606535990657,0
2025-12-18,5.054175792971826,11.06515430819418,-16.3878762382655,3.3355914400425504,0
2025-12-19,5.012030041314579,10.364343835336127,-14.463162618816824,3.5889917560688707,0
2025-12-22,4.9889795679079,10.562931819945806,-13.969271579608908,3.173864478044844,0
2025-12-23,4.8878834532219635,10.115736741669506,-15.46408410978635,3.283464146020463,0
2025-12-24,4.984941378739116,10.619002477955352,-15.989973888303382,2.84670275994193,0
2025-12-25,4.965302159123349,10.858724147291182,-16.459397107796704,4.102990543665981,0
2025-12-26,5.016996820247378,11.002646241786586,-14.91772673693656,3.848793138706326,0
2025-12-29,4.927295815837728,10.866535883297752,-13.794038497464934,3.049169664085607,0
2025-12-30,4.9652563050448135,10.582816103214938,-15.885172556252563,2.8060382326577757,0
2025-12-31,4.979693878128677,10.340832811078299,-14.80075926463031,2.6072550578905256,0
2026-01-01,5.100748900593742,10.348547559722771,-16.4607869643138,3.3320728081217807,0
2026-01-02,4.976638106974652,10.749612726017567,-13.642832861187715,3.334100579633449,0
2026-01-05,4.972954548012136,10.78799964690108,-14.518973473716432,3.834454738146635,0
2026-01-06,4.957722554149037,10.102067487657791,-15.270040414403532,3.324682792845522,0
2026-01-07,5.032181049319015,10.56028979656641,-13.982263188687924,2.3742834481472532,0
2026-01-08,5.000794176116328,10.242176874887617,-16.45600791099901,3.3156620860897545,0
2026-01-09,4.9647425150459,9.691791279975133,-14.873287941575946,3.861171900938149,0
2026-01-12,5.478141519874135,18.92181290409868,-27.70010696755602,6.91927904567852,1
2026-01-13,5.011194964740374,10.110123870032046,-16.29658793489213,3.132712773718677,0
2026-01-14,4.947254807443919,10.362307841728779,-15.238222922383166,3.1243449559189336,0
2026-01-15,4.99247870910661,10.26428997726867,-14.369647754678573,3.3045792660999513,0
2026-01-16,4.9523226906494235,10.104191549228279,-14.395768294304403,2.9775706097570636,0
2026-01-19,4.995383977001681,10.499600944398875,-14.722154382557369,3.6715183417641137,0
2026-01-20,4.9759493816748215,10.434394113568668,-14.682381000209778,3.011525760649729,0
2026-01-21,5.074623633162032,10.972580044390298,-14.790538446063126,3.666991076601042,0
2026-01-22,4.987448403390431,9.989403947555369,-15.474406509698117,3.777666964236076,0
2026-01-23,5.042239136578492,9.945661842639176,-15.949752681407716,2.9259305264433317,0
2026-01-26,4.859467315622836,10.15787246218295,-15.98479320199957,2.48746090814029,0
2026-01-27,5.037190637329169,10.475991437503104,-14.056731718495671,2.192093418919735,0
2026-01-28,4.918120189641946,9.974075549749543,-15.851995579067456,3.209595027167723,0
2026-01-29,4.98728271675681,10.227036649103594,-16.038824463465577,2.801513185645381,0
2026-01-30,5.010960994005975,9.781581257552627,-14.1754218598205,3.2897273938038576,0
2026-02-02,4.932140205860971,9.866551720974094,-14.396636775250208,2.504946210776433,0
2026-02-03,4.9515770292682495,10.095030959517239,-14.29487392351621,2.88623731456675,0
2026-02-04,4.977088285425165,10.448714808746889,-15.051502462871603,2.662227348314589,0
2026-02-05,4.994165553438674,10.036063128852335,-14.150050476784529,2.275723261925517,0
2026-02-06,5.041095782988537,9.645169143557515,-15.080021261481605,3.1275272659200097,0
2026-02-09,5.016134342738375,10.13542232921895,-14.167912759608527,2.8553008556099493,0
2026-02-10,4.982684964629509,9.607933186647656,-13.590820652625046,2.8778651953355423,0
2026-02-11,4.974174005991871,10.45377278220488,-14.293156139448792,2.37061015145722,0
2026-02-12,5.091005384589436,9.907200687863142,-16.03479856861661,3.634412615585808,0
2026-02-13,5.075746482826652,10.411148366126941,-13.273278431907897,3.3958453402830955,0
2026-02-16,4.991685093209569,10.01517080496866,-15.615961561955029,3.8867038045769147,0
2026-02-17,4.953576995386307,9.879602121750839,-14.093649275857,2.8445273999764753,0
2026-02-18,5.00454328531784,10.010316061558973,-14.812056657662733,3.7356781508324417,0
2026-02-19,4.9300662349912265,9.870726693269628,-13.628704877194226,3.871414958412119,0
2026-02-20,4.977052308571062,9.37983600686239,-13.310505624521252,3.1306992358531485,0
2026-02-23,5.016031981203292,9.454523990362352,-14.990777419993751,3.993304314811509,0
2026-02-24,5.004949797172571,9.448487179139246,-16.930701585138507,3.1322690502964585,0
2026-02-25,4.988001908956739,10.007781810512961,-13.576757683419299,3.299733918202047,0
2026-02-26,4.937160836696523,9.293704781378986,-15.257608888910916,3.897485681342266,0
2026-02-27,4.990087011077692,9.644243713899561,-15.637158041518907,3.5897516361745883,0
2026-03-02,4.911376713074661,9.880073171985112,-16.531031507858476,2.8081971607969587,0
2026-03-03,5.0701183399650755,9.733292200276034,-15.758232231355299,3.0251975786483563,0
2026-03-04,5.100742507737117,9.271134142194374,-14.345161229778238,2.6260698227708232,0
2026-03-05,5.039480792022744,10.030010048823842,-15.279336051462609,2.449055256475374,0
2026-03-06,5.072830726862007,9.657982575627834,-14.396845440374456,2.620673632990455,0
2026-03-09,5.024293212289076,9.485399311640538,-15.007625975599812,3.4141441835431676,0
2026-03-10,4.9367961630550665,9.341939203733578,-15.279197003130218,2.38871963489222,0
2026-03-11,5.002673743161002,9.574252744895285,-13.676285916449142,2.2240153930816025,0
2026-03-12,5.071607437947439,9.323087344176649,-15.68958974721799,3.4509308113113244,0
2026-03-13,5.015915180237198,9.691633082680832,-16.45182993484455,3.314077389097989,0
2026-03-16,5.027121892519387,10.247896118178712,-13.816146913732698,4.161728237399645,0
2026-03-17,5.020793660173568,9.262699113293214,-11.060406189494888,3.40894798212748,0
2026-03-18,5.032599670370762,9.988915045632462,-14.285902186126393,3.2276751693362438,0
2026-03-19,5.049633400119953,9.641930240032101,-16.73743047989418,2.6870142425802874,0
2026-03-20,5.0449731434206795,9.730092610963215,-13.312640014471993,2.747320245390652,0
2026-03-23,5.020052156617528,9.99531835572588,-14.33017922086683,3.3090648380302907,0
2026-03-24,4.947079474129833,9.323471531418702,-15.616986348317939,3.4793946495085093,0
2026-03-25,4.980719390343398,9.758532080878505,-14.097471938888264,3.1851400667582497,0
2026-03-26,5.0656081889837905,9.541032180768132,-16.197068183661216,3.8017908209131166,0
2026-03-27,5.056658251119663,9.229354047239557,-14.719873993354561,3.2050377213022325,0
2026-03-30,4.854974057616936,9.47311846075046,-15.229697528252522,3.57531469669381,0
2026-03-31,4.97847057635972,9.510685393959292,-14.325563680215936,2.8566015914098553,0
2026-04-01,5.021539805258277,9.631533465863038,-15.582078659425285,2.4479604595012243,0
2026-04-02,4.956745432545321,8.762385777640842,-15.097505771807196,2.205360425937592,0
2026-04-03,4.975508147655453,9.515411133694908,-14.073068114333086,3.3893638648149214,0
2026-04-06,4.916350762283878,9.608960724298678,-14.780627484373095,3.127258706000475,0
2026-04-07,5.021983548690008,9.595288481827177,-13.815532438885143,2.707198969183516,0
2026-04-08,4.959817391459556,9.341376315721917,-15.57546334101223,2.6904949051426694,0
2026-04-09,4.981541271374771,9.842661565826496,-15.86617378472552,2.9054460871954344,0
2026-04-10,5.043784629901025,9.612972227618187,-14.80720424418451,2.3581630421745743,0
2026-04-13,4.977859259619283,9.740352522382382,-16.05715679342365,3.2375268709308833,0
2026-04-14,5.012663630500795,9.615762008840747,-16.80812575089131,2.659718664684068,0
2026-04-15,4.988347406803974,9.608490871743127,-12.998063383653948,3.2104713630427413,0
2026-04-16,4.940045721775823,9.78114547422651,-14.493758118305363,2.895778494237087,0
2026-04-17,4.996418599651432,10.010463772219628,-15.945937013118773,2.1107863328488117,0
2026-04-20,5.0432186781854265,9.935529342393787,-14.111961262513077,2.767206793607359,0
2026-04-21,4.991776276484017,9.770383646018384,-15.345775309385044,3.505780075580431,0
2026-04-22,5.014973187014689,9.733780525492286,-15.20531749915033,3.092948458813514,0
2026-04-23,5.017067737521207,10.233425978776944,-15.66938792877519,2.9009355115471323,0
2026-04-24,5.011123844127256,10.092432653286162,-15.171912545488373,2.5726486479608583,0
2026-04-27,4.927662815300645,9.410518788603683,-15.687007244215955,3.3730105023972596,0
2026-04-28,4.986006496613928,9.555378760146326,-14.795774159008836,2.4789416722364175,0
2026-04-29,5.0104450655630535,10.074037379967084,-14.977358027379799,3.7235627575381427,0
2026-04-30,5.005156094697171,9.38203653451612,-15.025573283452475,1.9423985872543936,0
2026-05-01,4.947964408870025,10.143013827441724,-14.773691164074316,3.3176421455232297,0
